name,formatted_address,place_id,rating,user_ratings_total,types,latitude,longitude
express by PARKnSHOP,"Chek Lap Kok, Scenic Rd, 8號地面上層H-I室 Units H & I, 1/F, Cathay Pacific Headquarter Bdg, Cathay Pacific City Cathay Pacific City, 香港國際機場",ChIJBWcewr7iAzQRtFniX2gwnjI,4.9,8,"['supermarket', 'grocery_or_supermarket', 'store', 'food', 'point_of_interest', 'establishment']",22.2982149,113.9341451
Wellcome - Yat Tung Superstore,"Shop No 110, 1/F Eaton Shopping Centre, Yat Tung Estate, Tung Chung",ChIJibJ9J6HiAzQR6f60A8w4neE,3.6,214,"['supermarket', 'grocery_or_supermarket', 'store', 'food', 'point_of_interest', 'establishment']",22.2813936,113.9347961
Market Place,Tung Chung,ChIJc_HM8LTiAzQR2y2gEnZ7rec,4.1,85,"['supermarket', 'grocery_or_supermarket', 'store', 'food', 'point_of_interest', 'establishment']",22.2949658,113.951054
Wellcome,"Ying Tung Rd, Tung Chung",ChIJY0vZg8_jAzQRdi4RNFDW0Io,3.8,31,"['supermarket', 'grocery_or_supermarket', 'store', 'food', 'point_of_interest', 'establishment']",22.296,113.9534569
Wellcome Supermarket,"Government Offices, Mui Wo, 2 Ngan Kwong Wan Rd, Lantau Island",ChIJeQk2SitWATQRkLuiM6FNDSM,3.9,140,"['supermarket', 'grocery_or_supermarket', 'store', 'food', 'point_of_interest', 'establishment']",22.2640112,114.0015092
Wellcome - Ying Tung,Tung Chung,ChIJqVhNLz_jAzQRHwriHFhegOs,4.5,4,"['supermarket', 'grocery_or_supermarket', 'store', 'food', 'point_of_interest', 'establishment']",22.2957596,113.953022
Fusion (大嶼山梅窩),"Lantau Island, 大嶼山梅窩碼頭路12號梅窩大廈地下及1樓 G/F, Mui Wo Bldg, 12, Mui Wo Ferry Pier Rd, Mui Wo",ChIJibcJttRXATQRj7Vs4jOnIMY,3.7,131,"['supermarket', 'grocery_or_supermarket', 'store', 'food', 'point_of_interest', 'establishment']",22.2641581,114.000715
Market Place by Jasons (Fu Tung Plaza),"107, 1/F Fu Tung Plaza, Fu Tung St, Tung Chung",ChIJ39F8_a_iAzQR6jB2nc8LWSM,3.5,58,"['supermarket', 'department_store', 'grocery_or_supermarket', 'store', 'food', 'point_of_interest', 'establishment']",22.2887074,113.9422483
Market Place by Jasons,"Commercial Complex of Coastal Skyline, 12, Tung Chung Waterfront Rd, Tung Chung",ChIJDYdYlLDiAzQRFrfZ3HPvRO4,4.0,106,"['supermarket', 'grocery_or_supermarket', 'store', 'food', 'point_of_interest', 'establishment']",22.2922157,113.9442552
Fusion Click & Collect (東涌映灣薈),"大嶼山東涌健東路1號映灣薈1樓22-23號鋪 Shop 22-23, 1/F, Caribbean Bazaar, 1 Kin Tung Road Tung Chung, Lantau Island",ChIJIaKwAeXjAzQRKGsVmC0JO4s,3.8,288,"['supermarket', 'grocery_or_supermarket', 'store', 'food', 'point_of_interest', 'establishment']",22.2915096,113.9484888
U Select,"Tung Chung, 滿東邨滿樂坊地下G08號舖",ChIJ59xDpiVZATQRyolhnJJrt50,3.4,50,"['supermarket', 'grocery_or_supermarket', 'store', 'food', 'point_of_interest', 'establishment']",22.2777072,113.9334709
貝田園士多,Lantau Island,ChIJ5ytzLZZXATQR0q6_qevwNMk,3.5,4,"['supermarket', 'grocery_or_supermarket', 'store', 'food', 'point_of_interest', 'establishment']",22.2416295,113.9767851
TASTE Click & Collect (東涌東薈城),"Lantau Island, 大嶼山東涌達東路20號東薈城B1-B10號鋪 B1-B10, Citygate, 20 Tat Tung Rd, Tung Chung",ChIJ1dQ6sLriAzQRJH_2gsz7xVY,4.0,1160,"['supermarket', 'grocery_or_supermarket', 'store', 'food', 'point_of_interest', 'establishment']",22.2896486,113.9405428
優品360,"Yat Tung Estate, HK New Territories Lantau Island 東涌 新界大嶼山東涌逸東商場地下20號舖",ChIJ3d5cIpDjAzQRcwjFYLrwOmw,2.0,4,"['supermarket', 'grocery_or_supermarket', 'store', 'food', 'point_of_interest', 'establishment']",22.2810924,113.9351372
優品360,大嶼山東涌東涌富東邨富東廣場一樓105號舖,ChIJQ027zI_jAzQRmngyw1jQ7HY,3.0,14,"['supermarket', 'grocery_or_supermarket', 'store', 'food', 'point_of_interest', 'establishment']",22.2886301,113.9421882
大昌食品專門店,"逸東街8號 逸東村 逸東商場 地下 22號舖 Tung Chung, Lantau Island",ChIJs_DHJqHiAzQRM4P3vC7ylPc,3.2,5,"['supermarket', 'grocery_or_supermarket', 'store', 'food', 'point_of_interest', 'establishment']",22.282131,113.936648
Fusion Click & Collect (東涌東環),"香港大嶼山東涌迎康街6號東環地下G07-09號舖 Shop G07-09 on Ground Floor, Century Link, 6 Ying Hong Street Tung Chung, Lantau Island",ChIJQT0zPrTiAzQRUWkwqX-5Yds,3.9,107,"['supermarket', 'grocery_or_supermarket', 'store', 'food', 'point_of_interest', 'establishment']",22.294855,113.9489933
"Shenzhen huiruipu Industrial Equipment Co., Ltd.","Lantau Island, 中心楼418室",ChIJTd1nGu9ZATQRT2o9mG99AnA,0.0,0,"['supermarket', 'grocery_or_supermarket', 'store', 'food', 'point_of_interest', 'establishment']",22.2355825,113.9488398
Market Place,"Shop G11, 92 Siena Avenue, DB North Plaza Discovery Bay, Lantau Island",ChIJ7Y_lBrP9AzQRs6Y4pfFrrzk,4.0,121,"['supermarket', 'grocery_or_supermarket', 'store', 'food', 'point_of_interest', 'establishment']",22.3081051,114.0166047
Ying Tung Market,"YT4-6 yiny tung shopping arcade, Tung Chung",ChIJZYmdwD7jAzQR_vLT2NF0PeQ,3.5,157,"['supermarket', 'grocery_or_supermarket', 'store', 'food', 'point_of_interest', 'establishment']",22.2964779,113.9532189
PARKnSHOP (長洲東灣路),"地下 G/F, Eastern Commercial Plaza, 80號 Tung Wan Rd, Cheung Chau",ChIJASeQW4lXATQRbSBZBJFI9Bo,4.0,21,"['supermarket', 'grocery_or_supermarket', 'store', 'food', 'point_of_interest', 'establishment']",22.2085247,114.0295422
PARKnSHOP (長洲海傍街),"長洲海傍街97A-99號地下 G/F, 97A & 99, Tai San Praya Rd, Cheung Chau",ChIJoYK7OnlXATQRjjzK_-9nzjM,3.3,55,"['supermarket', 'grocery_or_supermarket', 'store', 'food', 'point_of_interest', 'establishment']",22.2070702,114.0287842
Fusion,"Shop G25, 1 Discovery Bay Rd, Discovery Bay",ChIJwaQqvbv9AzQR9SVM9Ko5B3M,3.9,257,"['supermarket', 'grocery_or_supermarket', 'store', 'food', 'point_of_interest', 'establishment']",22.2952139,114.0166301
Wellcome - Peng Chau,"12號 Po Peng St, Peng Chau",ChIJTdfeVt39AzQRhOCwQtPO9_Y,3.8,91,"['supermarket', 'grocery_or_supermarket', 'store', 'food', 'point_of_interest', 'establishment']",22.2853193,114.0374633
惠康超市,Cheung Chau,ChIJVxfIaJJWATQRvVgHtXZS-m4,4.0,2,"['supermarket', 'grocery_or_supermarket', 'store', 'food', 'point_of_interest', 'establishment']",22.2070974,114.0288227
Wellcome,"Block ABC, G/F, Block 6, AB 1/F, 89-91 San Hing St",ChIJDcC7j41WATQR1nEKWsU2REs,4.0,21,"['supermarket', 'grocery_or_supermarket', 'store', 'food', 'point_of_interest', 'establishment']",22.2087745,114.0286559
PARKnSHOP Click & Collect (屯門海翠花園),"新界屯門湖翠路海趣坊1,2及34號舖(部份) Store 1, 2 & Portions Of Shop 34, Ocean Walk, Wu Chui Rd, Tuen Mun",ChIJOxPNkVr7AzQRBbaeICGWHYE,3.6,227,"['supermarket', 'grocery_or_supermarket', 'store', 'food', 'point_of_interest', 'establishment']",22.3724001,113.9671682
PARKnSHOP,"Level 3, Sun Tuen Mun Centre Block 2, 新界屯門龍門路55-65號新屯門中心3樓157-165號鋪 Shop 157-165, 55-65 Lung Mun Rd, Tuen Mun",ChIJXyt4ukj7AzQR0TeIxbkKc74,3.6,37,"['supermarket', 'grocery_or_supermarket', 'store', 'food', 'point_of_interest', 'establishment']",22.3809652,113.9645969
PARKnSHOP (屯門華都花園),"3/F, Waldorf Avenue, 新界屯門屯利街1號華都花園3層2G號舖 Shop No. 2G, 1 Tuen Lee St, Tuen Mun",ChIJtRYNx337AzQRBP5GSk5LBS8,3.3,56,"['supermarket', 'grocery_or_supermarket', 'store', 'food', 'point_of_interest', 'establishment']",22.3919608,113.9779945
Ka Hing Supermarket,"Tuen Mun, Lung Mun Rd, 45號G/F, Block 5, Glorious Garden Glorious Garden Block 5",ChIJj182xEf7AzQReBNjCZiEwuo,4.0,426,"['supermarket', 'grocery_or_supermarket', 'store', 'food', 'point_of_interest', 'establishment']",22.3836969,113.9664627
PARKnSHOP Click & Collect (屯門富泰商場),"屯門富泰商場2樓220-226號舖 Shop 220-226, 2/F, Fu Tai Shopping Centre",ChIJqXW5h-b6AzQRCY9KMPJbUXs,3.6,133,"['supermarket', 'grocery_or_supermarket', 'store', 'food', 'point_of_interest', 'establishment']",22.4137888,113.9831345
Wellcome Superstore,"2A Tuen Mun Heung Sze Wui Rd, Tuen Mun",ChIJOXidrD_7AzQR7jiPbaLpbPM,3.7,185,"['supermarket', 'grocery_or_supermarket', 'store', 'food', 'point_of_interest', 'establishment']",22.3883139,113.9755241
千歲食品超級市場,"Tuen Mun, Wu Chui Rd, 2 號美樂花園87號鋪",ChIJgzPPxP_7AzQRhos2LpBA_KI,5.0,1,"['supermarket', 'grocery_or_supermarket', 'store', 'food', 'point_of_interest', 'establishment']",22.3749898,113.9609585
Wellcome,"Shop 401, Leung King Shopping Centre, Leung King Estate, 31 Tin King Rd, Tuen Mun",ChIJZe2HQSj7AzQRUI8sJqgrqaw,3.8,53,"['supermarket', 'grocery_or_supermarket', 'store', 'food', 'point_of_interest', 'establishment']",22.4064989,113.9639637
PARKnSHOP Click & Collect (屯門仁愛堂),"新界屯門仁愛堂賽馬會社區及體育中心地下 G/F, Yan Oi Tong Jockey Club Community & Sports Centre",ChIJj45koGP7AzQRuw1GyVy0nnM,3.5,19,"['supermarket', 'grocery_or_supermarket', 'store', 'food', 'point_of_interest', 'establishment']",22.3967396,113.976024
PARKnSHOP Click & Collect (屯門兆康苑),"新界屯門兆康苑兆康商場1樓225號舖 Shop 225, 1/F, Siu Hong Shopping Centre, Siu Hong Court, Siu Hong Rd, Tuen Mun",ChIJ44e3Wef6AzQRRn6nr0m3wpE,3.3,101,"['supermarket', 'grocery_or_supermarket', 'store', 'food', 'point_of_interest', 'establishment']",22.4124507,113.9775314
PARKnSHOP Click & Collect (青衣青怡花園),"新界青衣青綠街7-19號青怡花園青怡薈地下1號 Shop No. 1, G/F, Tsing Yi Square, Tsing Yi Garden, Nos, 7-19 Tsing Luk St, Tsing Yi",ChIJt7q1G-f5AzQRvXCmKjUb3ao,3.5,59,"['supermarket', 'grocery_or_supermarket', 'store', 'food', 'point_of_interest', 'establishment']",22.3535761,114.105269
Tung Tai Supermarket,"428-432 Queen's Rd W, Sai Wan",ChIJL-vTUYH_AzQROYMNUINvHDU,3.8,39,"['supermarket', 'grocery_or_supermarket', 'store', 'food', 'point_of_interest', 'establishment']",22.2864685,114.1387176
PARKnSHOP (青衣翠怡花園),"新界青衣翠怡花園第一期商場地下5號舖 Shop No. 5, G/F, Commercial Centre at Phase I, Greenfield Garden, Tsing Yi",ChIJk6qm_M_4AzQRY38LRPaP_NE,3.7,94,"['supermarket', 'grocery_or_supermarket', 'store', 'food', 'point_of_interest', 'establishment']",22.3515784,114.1083452
PARKnSHOP Click & Collect (Tsing Yi Cheung Wang Estate),"Shop 6, Cheung Wang Shopping Centre, Cheung Wang Estate, Tsing Yi",ChIJlWN5hCf5AzQR7BEXUC3M4Ow,3.2,49,"['supermarket', 'grocery_or_supermarket', 'store', 'food', 'point_of_interest', 'establishment']",22.3566169,114.0956726
Kai Bo Food Supermarket,"Tuen Mun, Tsing Shan Square, 2號地下13, 14, 21C-E, 39 及 40號舖 Shop 13, 14, 21C-E, 39 & 40, G/F, Wah Lok Mansion, No. 2 Tsing Shan Square Tuen Mun Wah Lok Mansion",ChIJ987NRhT7AzQRceYPxX46LV0,4.5,2,"['supermarket', 'grocery_or_supermarket', 'store', 'food', 'point_of_interest', 'establishment']",22.3888104,113.9793166
PARKnSHOP Click & Collect (荔枝角美孚新邨),"Mei Foo Sun Chuen Stage 7 - 9-11 Mount Sterling Mall, 九龍美孚新邨第七期萬事達廣場地下N50 B鋪 Shop N50B, G/F, Mount Sterling Mall, 12 Lai Wan Rd",ChIJO3B6Ul35AzQRS9zCniesT0Y,3.6,126,"['supermarket', 'grocery_or_supermarket', 'store', 'food', 'point_of_interest', 'establishment']",22.3377781,114.1387797
Kai Bo Food Supermarket,"Tuen Mun, Wu Chui Rd, 1號HK 新界 屯門 蝴蝶商埸街市M107舖 M107, G/F, Butterfly EstateMarket",ChIJpT8AxnT7AzQRSVS0ZnRbdvA,0.0,0,"['supermarket', 'grocery_or_supermarket', 'store', 'food', 'point_of_interest', 'establishment']",22.374824,113.963456
PARKnSHOP Click & Collect (元朗好順福商場),"Ho Shun Fuk Building, 新界元朗好順福商場地下95-96號鋪 Shop 95-96, G/F, Ho Shun Fuk Shopping Arcade, 60 Sau Fu St, Yuen Long",ChIJJ0OdN6DwAzQRuHCrJ7oVOTY,3.8,82,"['supermarket', 'grocery_or_supermarket', 'store', 'food', 'point_of_interest', 'establishment']",22.4452491,114.0264277
PARKnSHOP Click & Collect (青衣長康邨),"Cheung Hong Estate Hong Shun House, 新界青衣長康邨長康商場第二期308-311及312C舖 Shop 308-311 and 312C, 3/F, Commercial Centre No. 2, 12 Ching Hong Rd, Tsing Yi",ChIJe4eSGdH4AzQR8K6vpUnrU-s,3.3,66,"['supermarket', 'grocery_or_supermarket', 'store', 'food', 'point_of_interest', 'establishment']",22.3497493,114.0986227
PARKnSHOP Click & Collect (中環擺花街),"Lyndhurst Building, 香港中環擺花街23-39號中環大廈地下 Shop 2A, G/F, 2A Gage St, Central",ChIJ_zX3bnsABDQRYSihhQrsJbE,3.5,128,"['supermarket', 'grocery_or_supermarket', 'store', 'food', 'point_of_interest', 'establishment']",22.2826691,114.1536427
PARKnSHOP Click & Collect (屯門寶田邨),"新界屯門寶田邨寶田商場105號舖 Shop 105, Po Tin Shopping Centre, Po Tin Estate",ChIJmaMpXeD7AzQR7tFj_iNbKUc,3.6,50,"['supermarket', 'grocery_or_supermarket', 'store', 'food', 'point_of_interest', 'establishment']",22.4094485,113.96658
Fusion,"Tsuen Wan, Castle Peak Rd - Tsuen Wan, 398號1069. Level 1, D.PARK, 398 Castle Peak Road, Tsuen Wan Discovery Park Shopping Centre, 第一層1033,1034,1069舖 Shop 1033,1034",ChIJ80m3rvH4AzQRXa5ywOj4BnQ,3.6,239,"['supermarket', 'grocery_or_supermarket', 'store', 'food', 'point_of_interest', 'establishment']",22.3755695,114.1123658
Wellcome,"204, 333 Castle Peak Road-Castle Peak Bay, Tuen Mun",ChIJ1VoTpGr7AzQRdvxkmLwNFfE,3.5,71,"['supermarket', 'grocery_or_supermarket', 'store', 'food', 'point_of_interest', 'establishment']",22.3825732,113.9779175
Wellcome - Superstore,"8 Belcher's St, Kennedy Town",ChIJtfV0xIT_AzQRKT83L5AOmMU,4.0,547,"['supermarket', 'grocery_or_supermarket', 'store', 'food', 'point_of_interest', 'establishment']",22.2851614,114.1327625
Yuen Hing Supermarket,"Tsuen Wan, Tso Kung Square, 31號號地下",ChIJb3UTKe74AzQRYaDFvx0rdh0,3.9,13,"['supermarket', 'grocery_or_supermarket', 'store', 'food', 'point_of_interest', 'establishment']",22.3731358,114.111245
Kai Bo Food Supermarket,Tuen Mun,ChIJ1Rp3SD77AzQRlQTN1CQfqRc,0.0,0,"['supermarket', 'grocery_or_supermarket', 'store', 'food', 'point_of_interest', 'establishment']",22.387574,113.97582
PARKnSHOP Click & Collect (青衣長發廣場),"6 Tam Kon Shan Rd, Tsing Yi",ChIJT_kD3N34AzQRnYcrahChxRQ,3.5,114,"['supermarket', 'grocery_or_supermarket', 'store', 'food', 'point_of_interest', 'establishment']",22.3622971,114.102757
Wellcome,"84-90號 Queen's Road Central, Central",ChIJ5b0oWHsABDQRJUwc57avQ94,3.8,362,"['supermarket', 'grocery_or_supermarket', 'store', 'food', 'point_of_interest', 'establishment']",22.2832453,114.1551054
Wellcome,"Shop No. 203, 2/F, Long Ping Shopping Centre, Long Ping Estate, Yuen Long",ChIJfX1PwZjwAzQRJGmNbM7FKuQ,3.6,90,"['supermarket', 'grocery_or_supermarket', 'store', 'food', 'point_of_interest', 'establishment']",22.4505004,114.0229568
PARKnSHOP Click & Collect (荔枝角盈暉臺),"荔枝角景茘徑8號盈暉臺盈暉家居城2樓 2/F, The Household Centre, Nob Hill, 8 King Lai Path, Kau Wah Keng, Lai Chi Kok",ChIJqWq9A6z4AzQRgnkyLtGb_5o,3.9,23,"['supermarket', 'grocery_or_supermarket', 'store', 'food', 'point_of_interest', 'establishment']",22.3416582,114.1369435
Wellcome,"G/F, Shopping Centre, Chi Lok Fa Yuen",ChIJOxSuthX7AzQRK_50rf1dvsE,3.7,70,"['supermarket', 'grocery_or_supermarket', 'store', 'food', 'point_of_interest', 'establishment']",22.3873524,113.9800458
Wellcome,"Loon Kee Building, Ground floor, Des Voeux Rd Central",ChIJWTSes30ABDQRJUzHqXG59K4,3.7,111,"['supermarket', 'grocery_or_supermarket', 'store', 'food', 'point_of_interest', 'establishment']",22.2867674,114.1518339
Wellcome,"Shop No. 6B & No. 6C1, G/F, Ka Wo Bldg, Nos, 14-22 Ka Wo St",ChIJt_IRRAEABDQRdjnnirMxhBc,3.5,20,"['supermarket', 'grocery_or_supermarket', 'store', 'food', 'point_of_interest', 'establishment']",22.2500469,114.1485326
PARKnSHOP Click & Collect (荃灣滿樂大廈),"Moon Lok Dai Ha, 新界荃灣沙咀道滿樂大廈福至樓地下155至165號舖 Shop 155-165, G/F, Fook Chi Lau, Sha Tsui Rd, Tsuen Wan",ChIJbZN0R-74AzQRm76F8qX7Ggg,3.5,139,"['supermarket', 'grocery_or_supermarket', 'store', 'food', 'point_of_interest', 'establishment']",22.3723339,114.1122338
PARKnSHOP Click & Collect (尖沙咀希爾頓中心),"G/F, Hilton Towers, 九龍尖沙咀加連威老道96號, 96 Granville Rd, Tsim Sha Tsui",ChIJ3S_7YQsBBDQR7KdZcHl2C-I,3.8,179,"['supermarket', 'grocery_or_supermarket', 'food', 'point_of_interest', 'store', 'establishment']",22.2994906,114.1770779
PARKnSHOP Click & Collect (尖沙咀文遜大廈),"Manson House, 九龍尖沙咀彌敦道74-78號文遜大廈地下部份及地庫 Basement & G/F, 74-78 Nathan Rd, Tsim Sha Tsui",ChIJoYdE7O0ABDQR_Pi019TbLBw,3.9,137,"['supermarket', 'grocery_or_supermarket', 'food', 'point_of_interest', 'store', 'establishment']",22.2982961,114.1724068
Wellcome,"319 Nathan Rd, Jordan",ChIJG3W4guwABDQRsYiKQEyeUvU,3.6,275,"['supermarket', 'grocery_or_supermarket', 'food', 'point_of_interest', 'store', 'establishment']",22.3064357,114.1713617
Rui Xin Hui Kang Supermarket,"132 Austin Rd, Tsim Sha Tsui",ChIJ19AGUekABDQR0F4DDw6rTGo,0.0,0,"['supermarket', 'grocery_or_supermarket', 'food', 'point_of_interest', 'store', 'establishment']",22.303256,114.1737638
PARKnSHOP,"The Metropolis Metropolis Tower, 10號 Metropolis Dr, Hung Hom Bay",ChIJA5TAnOYABDQRz563zPrLlBo,3.4,10,"['supermarket', 'grocery_or_supermarket', 'food', 'point_of_interest', 'store', 'establishment']",22.3036551,114.183351
Wellcome,"53-54 Kimberley Rd, Tsim Sha Tsui",ChIJuZcKl-4ABDQRkuWUpsWyHWk,3.9,386,"['supermarket', 'grocery_or_supermarket', 'food', 'point_of_interest', 'store', 'establishment']",22.3009517,114.174518
Wellcome,"Shop 1-11, Block 5, G/F Prosperous Garden, 3 Public Square St",ChIJOUA6EcAABDQREAlUjAgIfDk,3.9,100,"['supermarket', 'grocery_or_supermarket', 'food', 'point_of_interest', 'store', 'establishment']",22.3100436,114.1687768
Wellcome,"Tsim Sha Tsui, Chatham Rd S, 17至19號帝后廣場地庫",ChIJQ8DuJe4ABDQRkoLDKO5rKw0,3.9,258,"['supermarket', 'grocery_or_supermarket', 'food', 'point_of_interest', 'store', 'establishment']",22.2970491,114.1753155
PARKnSHOP Click & Collect (天后百利大廈),"香港天后英皇道6-8 號百利大廈地下 G/F, Pak Lee Mansion 6-8 King's Road, Tin Hau, Causeway Bay",ChIJLcWfpaoBBDQRRVE4LzpEZNk,3.7,125,"['supermarket', 'grocery_or_supermarket', 'food', 'point_of_interest', 'store', 'establishment']",22.2825531,114.1924937
PARKnSHOP Click & Collect (藍田匯景廣場),"Level 4, Sceneway Plaza, 九龍藍田匯景廣場4樓401號舖 Shop 401, 8 Sceneway Rd, Lam Tin",ChIJ84B3KloBBDQRvFkHn8ql5PA,3.4,169,"['supermarket', 'grocery_or_supermarket', 'food', 'point_of_interest', 'store', 'establishment']",22.3069951,114.2335701
PARKnSHOP Click & Collect (尖沙咀北京道),"Universal Commercial Building, 九龍尖沙咀北京道65-69號環球商業大廈地庫 B/F, 65-69 Peking Rd, Tsim Sha Tsui",ChIJH-RSaPIABDQR0BNvM-EyVn8,3.5,38,"['supermarket', 'grocery_or_supermarket', 'food', 'point_of_interest', 'store', 'establishment']",22.2962342,114.1715815
Wellcome,"Far East Consortium Building, 204-206 Nathan Rd, Tsim Sha Tsui",ChIJK8CLjesABDQRb5SeNhHVk1k,3.9,118,"['supermarket', 'grocery_or_supermarket', 'food', 'point_of_interest', 'store', 'establishment']",22.3037107,114.1719475
PARKnSHOP Click & Collect (油麻地恒成大廈),"365, 367, 369, 九龍油麻地彌敦道363,365,367,369,371&373號恒成大廈地庫高層B部分 Portion B on Upper Basement Floor, Hang Shing Building 363, 371 & 373 Nathan Rd, Yau Ma Tei",ChIJMf8IkhEBBDQRLfW9giawO8w,3.9,94,"['supermarket', 'grocery_or_supermarket', 'food', 'point_of_interest', 'store', 'establishment']",22.3079274,114.1711017
PARKnSHOP Click & Collect (南區香港仔中心),"Site 1, Aberdeen Centre, 香港仔南寧街 13-23 號香港仔中心地下 Shop 1&9, G/F, Commercial Podium of, 19-23 Nam Ning St, Aberdeen",ChIJWVui5NEBBDQRaIyWKthOK6M,3.8,903,"['supermarket', 'grocery_or_supermarket', 'food', 'point_of_interest', 'store', 'establishment']",22.2494795,114.1541124
Wellcome,"G/F, TG Place, 8 Shing Yip St, Kwun Tong",ChIJabudQ0UBBDQRF2ggpcEzLiE,3.5,182,"['supermarket', 'grocery_or_supermarket', 'food', 'point_of_interest', 'store', 'establishment']",22.3104166,114.2257449
Ka Hing Supermarket,"Hung Hom, Po Loi St, 聯盛大廈地下17G1B舖",ChIJhfkfAN4ABDQRAytfINyTEu8,3.9,664,"['supermarket', 'grocery_or_supermarket', 'food', 'store', 'point_of_interest', 'establishment']",22.3058909,114.1866168
百佳超級市場 店取易 (海怡半島海怡廣場),"Marina Square, The West Commerical Block, Marina Square Ap Lei Chau",ChIJzfHl9aqqBjQRfP5cPwtxn9A,3.5,194,"['supermarket', 'grocery_or_supermarket', 'food', 'store', 'point_of_interest', 'establishment']",22.2439834,114.146529
Wellcome - Metropole Superstore,"Portion of Basement, Metropole Building, No. 426 King's, 416 King's Rd, North Point",ChIJTev_8AQBBDQRMH9aByOEEOg,3.7,248,"['supermarket', 'grocery_or_supermarket', 'food', 'store', 'point_of_interest', 'establishment']",22.2907583,114.1994541
Wellcome - Causeway Bay,"25-29號 Great George St, Causeway Bay",ChIJk3dQL1QABDQRM77UUNtOEYQ,4.0,969,"['supermarket', 'grocery_or_supermarket', 'food', 'store', 'point_of_interest', 'establishment']",22.2807587,114.1859489
Wellcome - Hunghom Centre,"Hunghom Commercial Centre Block A, Ma Tau Wai Rd, Hok Yuen",ChIJY19J3d4ABDQRFZ5R7SPqZdY,3.7,143,"['supermarket', 'grocery_or_supermarket', 'food', 'store', 'point_of_interest', 'establishment']",22.3105353,114.1878974
Wellcome - Fortress Metro Tower Superstore,"238 King's Rd, North Point",ChIJqfVbfwQBBDQRf7Eai6WeKy4,3.8,409,"['supermarket', 'grocery_or_supermarket', 'food', 'store', 'point_of_interest', 'establishment']",22.28805,114.1938189
Wellcome,"Everwin Mansion, 號, 18 Johnston Rd",ChIJteIxGF0ABDQR1l4Qg_6i7sM,3.7,139,"['supermarket', 'grocery_or_supermarket', 'food', 'store', 'point_of_interest', 'establishment']",22.2770995,114.1700787
Wellcome,"North Point, Marble Rd, 61-63號, Island Lodge, 3, 4, 6, 7",ChIJ78lhNgUBBDQRN3wOCU_z1LQ,3.7,237,"['supermarket', 'grocery_or_supermarket', 'food', 'store', 'point_of_interest', 'establishment']",22.2923048,114.2015616
PARKnSHOP Click & Collect,"East Pavilion, 鰂魚涌英皇道東匯坊LG01-03號舖 Shop LG01-03, King's Rd, Quarry Bay",ChIJn2bK2Q0BBDQRSYeo8TMQsDA,3.5,166,"['supermarket', 'grocery_or_supermarket', 'food', 'store', 'point_of_interest', 'establishment']",22.2844948,114.212677
Wellcome,"Shop 2F Level 4, 8 Sceneway Rd, Lam Tin",ChIJt4DobVkBBDQRcBrszSWptJ8,3.3,36,"['supermarket', 'grocery_or_supermarket', 'food', 'store', 'point_of_interest', 'establishment']",22.3066542,114.2340355
Fusion Click & Collect (紅磡漁人碼頭),"Laguna Verde Ave, 8號HK 九龍 紅磡 海逸道8號海逸坊地下下層LG03-LG06號舖 Shop Nos. LG03 The Laguna Mall, LG06",ChIJp7jjnSABBDQRUTjc81Fl-Ro,3.6,33,"['supermarket', 'grocery_or_supermarket', 'food', 'store', 'point_of_interest', 'establishment']",22.3094404,114.191588
Wellcome,"Shop A2, G/F., Arion Comm. Centre 2, 12 Queen's Rd W, Sheung Wan",ChIJda8u7X4ABDQRxQQkikMp7Es,3.4,86,"['supermarket', 'grocery_or_supermarket', 'food', 'store', 'point_of_interest', 'establishment']",22.286365,114.148369
Wellcome,"Shop A, Seaview Court, Shanghai St, Yau Ma Tei",ChIJC6C3Q-sABDQRIkEtpk0W-Go,3.6,15,"['supermarket', 'grocery_or_supermarket', 'food', 'store', 'point_of_interest', 'establishment']",22.3044509,114.1690014
Wellcome,"Shop F, 1/F, 1-15 Tak Man St, Hung Hom",ChIJ84dFOt4ABDQRwO6MqaWPaeQ,3.8,21,"['supermarket', 'grocery_or_supermarket', 'food', 'store', 'point_of_interest', 'establishment']",22.3067284,114.1874627
大生食品超级市场,"16 Causeway Rd, Causeway Bay",ChIJxwI8cPABBDQRJIomjejJGN4,0.0,0,"['supermarket', 'grocery_or_supermarket', 'food', 'store', 'point_of_interest', 'establishment']",22.2795939,114.1883788
PARKnSHOP (興民邨),"香港柴灣興民邨興民商場4樓420-423號舖 Shop Nos 420-423, 4/F, Hing Man Shopping Ctr, Chai Wan",ChIJi53zgdsBBDQR_AneaqBesaY,2.6,5,"['supermarket', 'grocery_or_supermarket', 'food', 'store', 'point_of_interest', 'establishment']",22.2675419,114.2330847
Kai Bo Food Supermarket,"Yau Ma Tei, Reclamation St, 78-86 號地下 G/F., Kam San Building, 78-86 Reclamation Street, Yau Ma Tei Kam Shan Lau",ChIJW12_kOoABDQRL5pWQerK3O4,3.6,222,"['supermarket', 'grocery_or_supermarket', 'food', 'store', 'point_of_interest', 'establishment']",22.3082101,114.1696446
Kai Bo Food Supermarket,"109-101 Dock St, Hung Hom",ChIJscVCm6YBBDQRtwqE4PC5jYg,4.2,15,"['supermarket', 'grocery_or_supermarket', 'food', 'store', 'point_of_interest', 'establishment']",22.3063216,114.1871485
惠康,"1058, 1060 King's Rd, Quarry Bay",ChIJr4MwbgsBBDQR5Z-5afqD_5k,3.6,125,"['supermarket', 'grocery_or_supermarket', 'food', 'store', 'point_of_interest', 'establishment']",22.2844478,114.2131917
Wellcome Supermarket,Shau Kei Wan,ChIJm-z-AngBBDQRFgo4yabfZok,3.5,37,"['supermarket', 'grocery_or_supermarket', 'food', 'store', 'point_of_interest', 'establishment']",22.2780979,114.2273315
Wellcome,"T.a.l. Building, 45-53號 Austin Rd, Yau Ma Tei",ChIJFbObguwABDQRG05xNySPTbs,3.9,143,"['supermarket', 'grocery_or_supermarket', 'store', 'food', 'point_of_interest', 'establishment']",22.3033264,114.1699605
Kai Bo Food Supermarket,"Wan Chai, Wan Chai Rd, 234-236 號地下上層 A-C，D1-D3 舖 Shop A-C & D1-D3, UG/F, Hung Yip Building, 234-236 Wan Chai Road, Wan Chai Hung Yip Building",ChIJzX7sdFoABDQRIniBAfhc-h4,3.7,194,"['supermarket', 'grocery_or_supermarket', 'store', 'food', 'point_of_interest', 'establishment']",22.2781177,114.1792806
PARKnSHOP - Lei Tung Commercial Centre,"香港仔鴨脷洲利東街市67及76號, Ap Lei Chau",ChIJlYLUuaeqBjQRD48AgWcBDVM,3.4,42,"['supermarket', 'grocery_or_supermarket', 'store', 'food', 'point_of_interest', 'establishment']",22.2418154,114.155282
Wellcome,"2 Watford Rd, The Peak",ChIJpSG8VBMABDQRb4SLspWvZ0w,3.6,26,"['supermarket', 'grocery_or_supermarket', 'store', 'food', 'point_of_interest', 'establishment']",22.2655783,114.1614458
PARKnSHOP (利東邨),"香港鴨脷洲利東邨道5號利東邨利東商場3樓1號舖 Shop No. 1, 3/F, Lei Tung Commercial Ctr, Lei Tung Estate, 5 Lei Tung Estate Rd, Ap Lei Chau",ChIJQXxzVhqrBjQRxh8WkOUuLlU,0.0,0,"['supermarket', 'grocery_or_supermarket', 'store', 'food', 'point_of_interest', 'establishment']",22.2418452,114.1553723
PARKnSHOP Click & Collect (紅磡家維邨),"Ka Wai Chuen, 九龍紅磡馬頭圍道家維邨家義樓地下1-2號舖及家廉樓地下1-6號舖 Shop Nos. 1-2, LG/F, Ka Yee Lau & Shop Nos. 1-6, LG/F, Ka Lim Lau, Ma Tau Wai Rd, Hung Hom",ChIJF4xI_lABBDQRrsOJokVWk8Q,3.6,43,"['supermarket', 'grocery_or_supermarket', 'store', 'food', 'point_of_interest', 'establishment']",22.3075943,114.1870153
Wellcome,"Shop A, G/F, Coble Court, 127-139 Ap Lei Chau Main St, Ap Lei Chau",ChIJw_81FqiqBjQRAqt-q3WnTDg,3.6,93,"['supermarket', 'grocery_or_supermarket', 'store', 'food', 'point_of_interest', 'establishment']",22.2435242,114.1544351
Wellcome,"A, Albron Court, 99 Caine Rd, Central",ChIJKYjGwXsABDQRCj11JZRjzyo,3.9,156,"['supermarket', 'grocery_or_supermarket', 'store', 'food', 'point_of_interest', 'establishment']",22.282525,114.151123
PARKnSHOP Click & Collect (大坑浣紗花園),"G/F, Wun Sha Tower, 香港大坑浣紗街33-45號浣紗花園地下5-7號鋪 Shop 5-7, 33-45 Wun Sha St, Tai Hang",ChIJ__8PaasBBDQRVBxZPUis4GI,3.4,65,"['supermarket', 'grocery_or_supermarket', 'store', 'food', 'point_of_interest', 'establishment']",22.2781944,114.1931651
Kai Bo Food Supermarket,"Shau Kei Wan, Kam Wa St, 26,28,30號地下A, B及C 舖 Shop A, B & C, G/F, Wing Wah Mansion, 26, 28 & 30 Kam Wa Street Shau Kei Wan Wing Wah House",ChIJV4Llqp0BBDQRLvbtd78LsXk,3.6,11,"['supermarket', 'grocery_or_supermarket', 'store', 'food', 'point_of_interest', 'establishment']",22.2778803,114.2292411
Wellcome,"Port Centre, Basement 1, 38 Chengtu Rd",ChIJBXOVRQMABDQRajX1CGLjbAc,3.5,182,"['supermarket', 'grocery_or_supermarket', 'store', 'food', 'point_of_interest', 'establishment']",22.2489347,114.1548449
Wellcome,"1/F Hing Wah PlazaNo, 111 Wan Tsui Rd, Chai Wan",ChIJReISEYYBBDQRyQvHRJ-ZZjg,3.5,33,"['supermarket', 'grocery_or_supermarket', 'store', 'food', 'point_of_interest', 'establishment']",22.2661478,114.2342733
Kai Bo Food Supermarket,"North Point, Chun Yeung St, 91A 號地下 D 及 E 舖 Shop D & E, G/F., Ming Sau Building, 91A Chun Yeung Street, North Point Ming Sau Building",ChIJL1GkmwQBBDQR11OYpkJyjLc,3.3,66,"['supermarket', 'grocery_or_supermarket', 'store', 'food', 'point_of_interest', 'establishment']",22.2914283,114.1979475
Kai Bo Food Supermarket,"Sai Wan Ho, Shau Kei Wan Rd, 60, 62 及 64號太康樓地下 G/F.,Tai Hong Building, 60, 62 & 64 Shau Kei Wan Road, Sai Wan Ho",ChIJz7bSNf0BBDQRxffsiXGYXio,3.6,144,"['supermarket', 'grocery_or_supermarket', 'store', 'food', 'point_of_interest', 'establishment']",22.2829884,114.220962
Kai Bo Food Supermarket,"Sai Ying Pun, Third St, 43-47號Shop B, G/F, Tong Nam Mansion, 43-47 Third Street, Sai Ying Pun Tong Nam Mansion, 地下B舖",ChIJSci2AqP_AzQRvRU-jJqsusY,3.5,58,"['supermarket', 'grocery_or_supermarket', 'store', 'food', 'point_of_interest', 'establishment']",22.2857947,114.1426682
Kai Bo,"North Point, King's Rd, 125號Shop A, G/F, Yuet Ming Building, 125 King's Road, Fortress Hill Yuet Ming Building, 地下A舖",ChIJWVin7QEBBDQR3a-4tZLm9zo,3.5,39,"['supermarket', 'grocery_or_supermarket', 'store', 'food', 'point_of_interest', 'establishment']",22.2878017,114.192667
Kai Bo Food Supermarket,"Wan Chai, Cross St, 1-7號地舖A, A1, B1, B2 及C號 Shop A, A1, B1, B2 & C, G/F, Fu Yuen Building, 1-7 Cross Street, Wan Chai Fu Yuen Building",ChIJN6VLRBEBBDQR_IvaJo1w3T4,3.7,3,"['supermarket', 'grocery_or_supermarket', 'store', 'food', 'point_of_interest', 'establishment']",22.2752745,114.1728989
Kai Bo Food Supermarket,"Hung Hom, Dock St, 99-109號HK 九龍 紅磡 船澳街99-109號地下1A9, 1A10及1A17B號舖 Shop 1A9, 1A10 & 1A17B, G/F",ChIJX8x-wPsBBDQRJQZZk3H8M1A,4.0,3,"['supermarket', 'grocery_or_supermarket', 'store', 'food', 'point_of_interest', 'establishment']",22.30614,114.1870494
Ka Hing Supermarket,Shau Kei Wan,ChIJX4uepHcBBDQR2k37KmpkCeY,3.7,677,"['supermarket', 'grocery_or_supermarket', 'store', 'food', 'point_of_interest', 'establishment']",22.2800082,114.2252657
PARKnSHOP Click & Collect,"Shop 80, G/F, Western Garden 84, 84A First St, Sai Ying Pun",ChIJrdhjTYD_AzQRLGnsRMk6PAg,4.5,2,"['supermarket', 'grocery_or_supermarket', 'store', 'food', 'point_of_interest', 'establishment']",22.2864876,114.141381
PARKnSHOP Click & Collect (天水圍天耀邨),"新界天水圍天耀邨天耀廣場1樓L109及L110號舖 Shop L109 and L110, 1/F, Tin Yiu Centre, Tin Yiu Estate, Tin Yiu Rd, Tin Shui Wai",ChIJp_1P6IDwAzQR3cY6XqaUFZc,3.5,259,"['supermarket', 'grocery_or_supermarket', 'food', 'point_of_interest', 'store', 'establishment']",22.4508413,114.0032658
Wellcome,"Ping Wui Centre, Shop 31, G/F, Ping Wui St, Yuen Long",ChIJ7XrZqp_wAzQRiJ8HEkrNUlo,3.6,181,"['supermarket', 'grocery_or_supermarket', 'food', 'point_of_interest', 'store', 'establishment']",22.4464198,114.0222579
Wellcome Supermarket,"G/F, Golden Plaza, Shui Che Kwun St, Yuen Long",ChIJz7dKKqfwAzQRpjC97-DRXFc,3.7,90,"['supermarket', 'grocery_or_supermarket', 'food', 'point_of_interest', 'store', 'establishment']",22.445047,114.031234
PARKnSHOP Click & Collect (天水圍天瑞邨),"新界天水圍天瑞路9號天瑞商場2樓L101號鋪 Shop L101, Level 2, Tin Shui Shopping Centre, 9 Tin Shui Rd, Tin Shui Wai",ChIJgVlQpN7xAzQRF7V3XwdxEPQ,3.6,23,"['supermarket', 'grocery_or_supermarket', 'food', 'point_of_interest', 'store', 'establishment']",22.456209,113.9985312
Wellcome,"Kar Shing Building, Yltl 274, Kau Yuk Rd, Yuen Long",ChIJMUP6nAr6AzQRA4rdUGJZ5Y0,3.4,277,"['supermarket', 'grocery_or_supermarket', 'food', 'point_of_interest', 'store', 'establishment']",22.4428502,114.0270616
Wellcome,"30, 1-14,16-21,24-30 1-14,16-21,24, 2 Tuen Lung St, Tuen Mun",ChIJRzNsDj37AzQRZV5NIv_nD7o,3.6,68,"['supermarket', 'grocery_or_supermarket', 'food', 'point_of_interest', 'store', 'establishment']",22.3930497,113.9758466
惠康,"G F, 88-102 Kau Yuk Road, Shop P09-P10, Po Shing Bulding, Yuen Long",ChIJQUZAVHX6AzQR9Icz1f98huc,3.0,33,"['supermarket', 'grocery_or_supermarket', 'food', 'point_of_interest', 'store', 'establishment']",22.443119,114.0246466
百惠超級市場,"號地舖, 75 Castle Peak Rd - Yuen Long, Yuen Long",ChIJF3yL-33xAzQR9vXGDxHYreA,3.0,1,"['supermarket', 'grocery_or_supermarket', 'food', 'point_of_interest', 'store', 'establishment']",22.4446304,114.0297904
PARKnSHOP Click & Collect (天水圍嘉湖銀座),"新界天水圍天恩路12-18號置富嘉湖第1期2樓220號鋪 Shop 220, 2/F, Phase I, Fortune Kingswood, 12, 18 Tin Yan Rd, Tin Shui Wai",ChIJheDmvXjxAzQRdXxjGiKmHL4,3.8,258,"['supermarket', 'grocery_or_supermarket', 'food', 'point_of_interest', 'store', 'establishment']",22.4581208,114.0026573
百佳超級市場 PARKnSHOP,"Commercial Centre, Kingswood Villas, Phase I, Tin Shui Wai",ChIJeZ5zEH7wAzQR-Xcae2cH-18,3.2,81,"['supermarket', 'grocery_or_supermarket', 'food', 'point_of_interest', 'store', 'establishment']",22.4516993,114.0005637
PARKnSHOP Click & Collect (元朗金馬大廈),"Comet Mansion, 新界元朗鳳翔路金馬大廈地下6-8, 16-26號舖 Shop 6-8 & 16-26, G/F, Fung Cheung Rd, Yuen Long",ChIJg9oLaRvxAzQR3vf7BwnDHWY,3.4,526,"['supermarket', 'grocery_or_supermarket', 'store', 'food', 'point_of_interest', 'establishment']",22.4425159,114.0324707
Wellcome Supermarket,"36, G / F, Shizhou, 38 Yuen Long On Ning Rd, Yuen Long",ChIJYUrqCqHwAzQRCcc5SesiFU0,4.0,15,"['supermarket', 'grocery_or_supermarket', 'store', 'food', 'point_of_interest', 'establishment']",22.4465877,114.0277788
Wellcome,"Ping Shan, Ping Ha Rd, 65號屏欣商場地下2號舖",ChIJ80g7LNr7AzQRRdNp0-PaMs0,3.3,19,"['supermarket', 'grocery_or_supermarket', 'store', 'food', 'point_of_interest', 'establishment']",22.4460839,114.0033722
Wellcome,"Shop 2-3, G/F Treasure Court, Hung Shui Kiu",ChIJB8vxA4n6AzQRPOAoWT7hDHU,3.5,58,"['supermarket', 'grocery_or_supermarket', 'store', 'food', 'point_of_interest', 'establishment']",22.4332925,113.9978501
Wellcome,"Hop Yick Centre, 31-47 Hop Yick Rd, Yuen Long",ChIJd8AxHQr6AzQRQo4VAwnJBsE,3.7,220,"['supermarket', 'grocery_or_supermarket', 'store', 'food', 'point_of_interest', 'establishment']",22.4417444,114.0306516
Wellcome,"Shop No. 20-25, G/F Oceania Heights Shopping Mall, 2 Hoi Chu Rd, Tuen Mun",ChIJ78AOtED7AzQRn3fW94rWg1E,3.7,76,"['supermarket', 'grocery_or_supermarket', 'store', 'food', 'point_of_interest', 'establishment']",22.383652,113.9717978
PARKnSHOP Click & Collect (洪水橋洪福商場),"Shop 14, Hung Fuk Shopping Centre, 新界元朗洪水橋洪福邨洪福商場地下14號鋪, Hung Fuk Estate, Hung Shui Kiu",ChIJ9d0H04f6AzQR4qgX1nqcxd0,3.5,102,"['supermarket', 'grocery_or_supermarket', 'store', 'food', 'point_of_interest', 'establishment']",22.4367335,113.9983623
Kai Bo - Tung Yik,"Yuen Long, Yu King Square, 8號Shop 1, G/F., Tung Yik Building, 8 Yu King Square, Yuen Long Tung Yik Building, 地下1號舖",ChIJlbaAjaDwAzQR6Mxyw6exG1c,3.0,41,"['supermarket', 'grocery_or_supermarket', 'store', 'food', 'point_of_interest', 'establishment']",22.4440333,114.0287778
Kai Bo Food Supermarket,"Yuen Long, Tung Lok St, 19號19 Tung Lok Street, Yuen Long地下G/F",ChIJh458UofxAzQR23DBQ7uECWk,3.6,12,"['supermarket', 'grocery_or_supermarket', 'store', 'food', 'point_of_interest', 'establishment']",22.445422,114.0277483
PARKnSHOP Click & Collect (屯門欣田邨),"新界屯門欣田邨欣田商場地下G11號舖 Shop G11, G/F, Yan Tin Shopping Centre, Yan Tin Estate",ChIJMyFZ5T_7AzQRZ9V982Oh3oo,3.5,128,"['supermarket', 'grocery_or_supermarket', 'store', 'food', 'point_of_interest', 'establishment']",22.4146755,113.9758564
Wellcome,"Forward Mansion, Yan Ching St, Tuen Mun",ChIJfxS1ySL7AzQR82X2qJyoTBc,3.3,83,"['supermarket', 'grocery_or_supermarket', 'store', 'food', 'point_of_interest', 'establishment']",22.3958049,113.9759845
PARKnSHOP (屯門寶怡花園),"新界屯門良德街11號寶怡花園1樓7號舖 Shop 7, 1/F, Blossom Garden, 11 Leung Tak St, Tuen Mun",ChIJRUzN-WP7AzQRTpk8HJ2k1vk,0.0,0,"['supermarket', 'grocery_or_supermarket', 'store', 'food', 'point_of_interest', 'establishment']",22.4078654,113.9685011
PARKnSHOP Click & Collect (天水圍嘉湖新北江商場),"G/F, Kingswood Richly Plaza, 新界天水圍天湖路1號嘉湖新北江商場地下1號舖 Portion A on, 1 Tin Wu Rd, Tin Shui Wai",ChIJh2ar65cHBDQRvE9Bt-YXOFE,3.0,1,"['supermarket', 'grocery_or_supermarket', 'store', 'food', 'point_of_interest', 'establishment']",22.4517561,114.001319
Kai Bo - Tin Shui Wai,"Tin Shui Wai, Tin Wu Rd, １號嘉湖山莊新北江商場 1 樓 16-17 號舖 Shop 16-17, 1/F., Kingswood Richly Plaza, Locwood Court, Kingswood Villas 1 Tin Wu Rd, Tin Shui Wai",ChIJ0fb_Dn7wAzQRspy7Dsbf4G0,3.4,35,"['supermarket', 'grocery_or_supermarket', 'store', 'food', 'point_of_interest', 'establishment']",22.4518744,114.0013806
Wellcome,"Kin Sang Estate Commercial Centre, Shop No. 207, 1/F, Shopping Centre, Tuen Mun",ChIJx84LZCf7AzQRcfH-dukojhw,3.4,166,"['supermarket', 'grocery_or_supermarket', 'store', 'food', 'point_of_interest', 'establishment']",22.407062,113.969557
Wellcome,"Fuk Hang Tsuen Rd, Lam Tei",ChIJE-X5ru_6AzQR9Fe-lshE4pI,3.9,167,"['supermarket', 'grocery_or_supermarket', 'store', 'food', 'point_of_interest', 'establishment']",22.4197152,113.9862602
華潤超級市場（青松觀路）,澤豐花園購物商場閣樓,ChIJo23wrCH7AzQRBsYVKWI4nYA,0.0,0,"['supermarket', 'grocery_or_supermarket', 'store', 'food', 'point_of_interest', 'establishment']",22.403645,113.974971
Wellcome - Tai Hing,"45-53 Shopping Centre, Phase II, 1/F, Tai Hing Estate, Tuen Mun",ChIJkyO5oib7AzQRvJYkFu5zOT4,3.8,42,"['supermarket', 'grocery_or_supermarket', 'store', 'food', 'point_of_interest', 'establishment']",22.4027451,113.9703958
百佳超級巿場,Tuen Mun,ChIJQWJhn4b7AzQRkorL4rTb2X4,2.3,10,"['supermarket', 'grocery_or_supermarket', 'food', 'point_of_interest', 'store', 'establishment']",22.4146893,113.9758161
UNY 生活創庫 (元朗店),"Yuen Long, Kau Yuk Rd, 1號千色匯地庫一層",ChIJRSYkmfH7AzQRh6chyXtEPv0,3.9,188,"['supermarket', 'grocery_or_supermarket', 'food', 'point_of_interest', 'store', 'establishment']",22.4426028,114.028452
Wellcome,"Shop 88, G/F, Glorious Garden, Lung Mun Rd, Tuen Mun",ChIJJfR2ZEj7AzQRbdXvrrGHTnY,3.7,38,"['supermarket', 'grocery_or_supermarket', 'food', 'point_of_interest', 'store', 'establishment']",22.3833814,113.9646634
Kai Bo Food Supermarket,"Tin Shui Wai, Tin Sau Rd, 8號Shop G002, G/F, One Sky Mall, 8 Tin Sau Road, Tin Shui Wai One Sky Mall, G002舖",ChIJ_QW4MYrwAzQRacIUwnxemGw,3.3,43,"['supermarket', 'grocery_or_supermarket', 'food', 'point_of_interest', 'store', 'establishment']",22.4643494,114.0035432
Wellcome - Tin Ching,Tin Shui Wai,ChIJ5wYykYnwAzQRsvJgcroTc5Y,3.5,185,"['supermarket', 'grocery_or_supermarket', 'food', 'point_of_interest', 'store', 'establishment']",22.4625083,114.003154
Wellcome,"Tuen Mun, Tsing Min Path, 5號, Kim Po Building, 地下9室",ChIJTfeWoh_7AzQRso5G6yhCkXc,3.5,83,"['supermarket', 'grocery_or_supermarket', 'food', 'point_of_interest', 'store', 'establishment']",22.403756,113.978989
Kai Bo Food Supermarket,"San Hui, Ho Pong St, 155-165號新青街12-24號雅都花園地下G8舖 Shop G8, G/F, Eldo Court, 155-165 Ho Pong St, 12-24 San Tsing St, Tuen Mun",ChIJW2WIODX7AzQRwFtIRttG5Ts,0.0,0,"['supermarket', 'grocery_or_supermarket', 'food', 'point_of_interest', 'store', 'establishment']",22.3978226,113.9755667
Wellcome,"11 Tsun Wen Rd, Tuen Mun",ChIJMyJKdST7AzQROimj3pk8XA0,3.3,29,"['supermarket', 'grocery_or_supermarket', 'food', 'point_of_interest', 'store', 'establishment']",22.3992808,113.9717237
Bai Jia Supermarket,"PO Tin Shopping Centre, 1/F",ChIJiVXuBhH7AzQRtypN9Vhze7I,3.4,16,"['supermarket', 'grocery_or_supermarket', 'food', 'point_of_interest', 'store', 'establishment']",22.4095104,113.9669393
Kai Bo Food Supermarket,"Tuen Mun, Tai Hing St, 1號HK 新界 屯門 大興街1號大興邨大興商埸L201號舖 Shop L201, 1/F, Tai Hing Shopping Centre, Tai Hing Estate",ChIJnZvoFo_7AzQRZf3ZeV93wFM,4.0,8,"['supermarket', 'grocery_or_supermarket', 'food', 'point_of_interest', 'store', 'establishment']",22.4026547,113.9704672
Kai Bo Food Supermarket,"Tuen Mun, Leung Tak St, 12 號海麗花園 18 號舖 Shop 18, G/F., Venice Gardens, 12 Leung Tak Street, Tuen Mun",ChIJCZ_0kEL7AzQR96CK6Rfsagk,3.3,11,"['supermarket', 'grocery_or_supermarket', 'food', 'point_of_interest', 'store', 'establishment']",22.4075798,113.9682833
K&F Family Market 錦豐家庭超市,Tuen Mun,ChIJFQJhUSz7AzQRDRL0iqy8_FM,0.0,0,"['supermarket', 'grocery_or_supermarket', 'food', 'point_of_interest', 'store', 'establishment']",22.4086112,113.967794
YATA Supermarket Tuen Mun,"83 Tuen Mun Heung Sze Wui Rd, Tuen Mun",ChIJrcZTJyP7AzQRTO07LjTsmo4,3.8,2610,"['supermarket', 'department_store', 'grocery_or_supermarket', 'food', 'point_of_interest', 'store', 'establishment']",22.3965276,113.9744306
大生生活超市 DS Groceries,"Shop C on G/F and Cockloft Golden Hall Building Nos. 59, Castle Peak Rd - Yuen Long, Yuen Long",ChIJybZfxaDwAzQRKhGbDYj_GnY,3.9,70,"['supermarket', 'grocery_or_supermarket', 'food', 'point_of_interest', 'store', 'establishment']",22.4446182,114.0302361
寶達食品超市 屯門友愛,"Tuen Mun, 鄉事會路2A號1樓 S128號鋪愛定商場S區號 H.A.N.D.S",ChIJtcwj8y37AzQRzkPlntdtmHI,0.0,0,"['supermarket', 'grocery_or_supermarket', 'food', 'point_of_interest', 'store', 'establishment']",22.3883256,113.9764911
寶達食品超市 屯門富健,"Tuen Mun, 地下10號舖 Glorious Garden",ChIJgVhTPC_7AzQR1iWpSnNn7e4,0.0,0,"['supermarket', 'grocery_or_supermarket', 'food', 'point_of_interest', 'store', 'establishment']",22.3841105,113.9651972
好來福生活百貨超市,"85號 Yuen Long On Ning Rd, Yuen Long",ChIJzQqdLhbxAzQRs_oumnXxuCo,5.0,1,"['supermarket', 'grocery_or_supermarket', 'food', 'point_of_interest', 'store', 'establishment']",22.4459989,114.025368
fusion by PARKnSHOP,"Tai Wo Estate Block 11 Fook Wo House, Shop No. 301 Level 3 Tai Wo Plaza Tai Wo Estate, Tai Po Tai Wo Rd, Tai Po",ChIJ_1lIrzkIBDQRjIHGVTR-kSg,3.7,153,"['supermarket', 'grocery_or_supermarket', 'food', 'point_of_interest', 'store', 'establishment']",22.451395,114.1614948
Jin Wang Shipin Supermarket,"1號 Sui Wo Rd, Fo Tan",ChIJiT_v58AHBDQRkGQHlMg5bZU,0.0,0,"['supermarket', 'grocery_or_supermarket', 'food', 'point_of_interest', 'store', 'establishment']",22.3974103,114.1921453
Park'N'Shop International (Hong Lok Yuen Branch),Hong Lok Yuen,ChIJt4Vdmy4IBDQRpLzm3OtCtBU,3.8,403,"['supermarket', 'grocery_or_supermarket', 'food', 'point_of_interest', 'store', 'establishment']",22.4619705,114.1521352
fusion by PARKnSHOP - 駿景園,"Tsun King Rd, Fo Tan",ChIJ5VWB1TAGBDQRAf3LRm2966U,3.8,138,"['supermarket', 'grocery_or_supermarket', 'food', 'point_of_interest', 'store', 'establishment']",22.3992451,114.2013976
PARKnSHOP Click & Collect (大埔大榮里),"地下 G/F, Foon Lok Mansion, 新界大埔大榮里16-22號, 16-22 Tai Wing Ln, Tai Po",ChIJedLNaz8IBDQRc1g59zEPsgE,3.3,376,"['supermarket', 'grocery_or_supermarket', 'food', 'point_of_interest', 'store', 'establishment']",22.4473695,114.1664821
PARKnSHOP Click & Collect (火炭銀禧花園),"新界沙田火炭銀禧花園商場3樓 3/F, Jubilee Garden, 2-18 Lok King St, Fo Tan",ChIJ6xn6jz8HBDQRN4jW9YyYklM,3.6,39,"['supermarket', 'grocery_or_supermarket', 'food', 'point_of_interest', 'store', 'establishment']",22.396379,114.1997619
Wellcome,"1 On Ping St, Sha Tin",ChIJ_TRCaUcGBDQR9Cvs6NP02A8,3.6,26,"['supermarket', 'grocery_or_supermarket', 'food', 'point_of_interest', 'store', 'establishment']",22.3905505,114.206349
Wellcome,"Shop No. 30, G/F, Wan Tau Tong Shopping Ctr, Tai Po",ChIJo1bHRxUIBDQRD_PzkOjaVTw,3.7,152,"['supermarket', 'grocery_or_supermarket', 'food', 'point_of_interest', 'store', 'establishment']",22.4420238,114.1667061
Wellcome,"Shop 8, Chung on Shopping Centre, Chung on Est, Ma On Shan",ChIJAxGoW6UIBDQRUb1nyJqtaQ4,3.6,54,"['supermarket', 'grocery_or_supermarket', 'food', 'point_of_interest', 'store', 'establishment']",22.421811,114.226608
PARKnSHOP Click & Collect (馬鞍山富安花園),"新界沙田馬鞍山恆信街2號富安花園1樓食肆部份 1/F, Commercial and Garage Block of Chevalier Garden, No. 2 Hang Shun St, Ma On Shan",ChIJKcvZvhsGBDQRgWwPknRwnyA,3.6,352,"['supermarket', 'grocery_or_supermarket', 'food', 'point_of_interest', 'store', 'establishment']",22.4050204,114.2233236
Wellcome - Saddle Ridge Garden,"Shop F 14 Commercial Centre, Saddle Ridge Garden, Ma On Shan",ChIJD6KWF7MIBDQRRfy8WE-XR8g,3.7,44,"['supermarket', 'grocery_or_supermarket', 'food', 'point_of_interest', 'store', 'establishment']",22.4245824,114.2374484
PARKnSHOP Click & Collect (大埔富亨邨),"新界大埔富亨邨商場地下7號 Shop 7, G/F, Fu Heng Shopping Centre, Fu Heng Estate",ChIJMzewbUkIBDQRSNQa058RL7g,3.1,10,"['supermarket', 'grocery_or_supermarket', 'food', 'point_of_interest', 'store', 'establishment']",22.4579566,114.1711681
Asia Food Supermarket,"26號 On Fu Rd, Tai Po",ChIJ-0tjJD8IBDQR0ayorE3sfbw,3.9,8,"['supermarket', 'grocery_or_supermarket', 'food', 'point_of_interest', 'store', 'establishment']",22.4481818,114.1652803
PARKnSHOP Click & Collect (大埔菁泉雅居),"新界大埔翠樂街6號菁泉雅居地下9B號舖 Shop 9B, G/F, La Fontaine, 6 Chui Lok St, Tai Po",ChIJ1fnYQc8JBDQRwUk4hEdjjlw,3.4,27,"['supermarket', 'grocery_or_supermarket', 'food', 'point_of_interest', 'store', 'establishment']",22.4526046,114.1642497
惠康 Wellcome,"Tat Wan Building, Shop B,B1,C1 G/F 10-16 &20- NT, Tai Kwong Ln, Tai Po",ChIJmwleYz8IBDQRxNls15cHbCA,3.5,38,"['supermarket', 'grocery_or_supermarket', 'food', 'point_of_interest', 'store', 'establishment']",22.446843,114.167367
Wellcome,"Shop Nos. 7-9, 1/F Shatin Galleria, Nos, 18-24 Shan Mei St, Sha Tin",ChIJmcRtHjUGBDQR6dK_0RW6e1M,3.0,19,"['supermarket', 'grocery_or_supermarket', 'food', 'point_of_interest', 'store', 'establishment']",22.3972144,114.1936852
PARKnSHOP Click & Collect (沙田穗禾苑),"新界沙田穗禾路13號穗禾商場地下G17號舖 Shop No. G17, G/F, Sui Wo Commercial Centre, 13 Sui Wo Rd, Sha Tin",ChIJW-fo_koGBDQRCDeWwlnk1Z4,3.4,63,"['supermarket', 'grocery_or_supermarket', 'food', 'point_of_interest', 'store', 'establishment']",22.3919738,114.1944066
Wellcome,"Ma On Shan, 錦泰苑購物中心地下9號舖",ChIJgQTuLxwGBDQRx7ee6X-KKlI,3.6,72,"['supermarket', 'grocery_or_supermarket', 'food', 'point_of_interest', 'store', 'establishment']",22.4088489,114.2221505
HKTVmall超級市場 (大埔大元商場店),"Tai Po, Ting Kok Rd, 10號, Tai Yuen Estate Market, 大元商場1樓5, 6A, 6B, 7, 8, 9號舖",ChIJd0cIkncJBDQRL6tXh_Jws5w,5.0,1,"['supermarket', 'grocery_or_supermarket', 'food', 'point_of_interest', 'store', 'establishment']",22.4540291,114.167909
Wellcome,"Shop 32, Level 2, 1 On Tai Rd, Tai Po",ChIJE6t3zEcIBDQRROg4XKN_aeg,3.3,61,"['supermarket', 'grocery_or_supermarket', 'food', 'point_of_interest', 'store', 'establishment']",22.4529089,114.170445
Wellcome,"Tai Po Building, Shop P4-6, G/F, Bulding, No, Kwong Fuk Rd, Tai Po",ChIJQ0h9ND8IBDQRMpNfsYS0Ltc,3.5,150,"['supermarket', 'grocery_or_supermarket', 'store', 'food', 'point_of_interest', 'establishment']",22.4489752,114.1659282
HKTV mall 超級市場,"Yiu On Shopping Centre, 2號 Hang Hong St, Ma On Shan",ChIJv0dbfYwJBDQRG30b5P0AZGw,2.6,5,"['supermarket', 'grocery_or_supermarket', 'store', 'food', 'point_of_interest', 'establishment']",22.4204595,114.2306612
Fusion Click & Collect (大埔新達廣場),"新界大埔新達廣場2樓131-140號 Shop 131 - 140, Level 2, Uptown Plaza, 9 Nam Wan Road, Tai Po",ChIJVY6IPUAIBDQRXlbf25KQkkE,3.5,178,"['supermarket', 'grocery_or_supermarket', 'store', 'food', 'point_of_interest', 'establishment']",22.4436391,114.1690396
PARKnSHOP Click & Collect (沙田第一城),"Fortune City One Plus, 沙田第一城銀城商場地下46-80 號舖 Shop 46-80, G/F, 2 Ngan Shing St, City One - Shatin",ChIJ14Woq1YHBDQRvRObmk3BFpk,3.7,255,"['supermarket', 'grocery_or_supermarket', 'store', 'food', 'point_of_interest', 'establishment']",22.3871904,114.2027341
Kai Bo Food Supermarket,"Tai Po, Ting Kok Rd, 10號Shop 3-7, G/F, Tai Man House, Tai Yuen Estate, 10 Ting Kok Road, Tai po Tai Yuen Estate Tai Man House, 3-7號舖",ChIJqbDTVg4JBDQR0Z4MwJZCs8w,3.7,78,"['supermarket', 'grocery_or_supermarket', 'store', 'food', 'point_of_interest', 'establishment']",22.454691,114.1692835
Mingji Supermarket,Tai Po,ChIJbTDxVT8IBDQR-1YEBhKZa5o,4.0,2,"['supermarket', 'grocery_or_supermarket', 'store', 'food', 'point_of_interest', 'establishment']",22.44851,114.16769
Fusion Click & Collect (大埔太和廣場),"新界大埔太和路12號太和邨太和廣場3樓301號鋪 Shop 301, Level 3, Tai Wo Plaza, Tai Wo Estate, 12 Tai Po Tai Wo Rd, Tai Wo",ChIJYzOiRxEJBDQRSZrbt-ZBjW4,3.3,15,"['supermarket', 'grocery_or_supermarket', 'store', 'food', 'point_of_interest', 'establishment']",22.4525987,114.1615451
PARKnSHOP (沙田碩門邨),"新界沙田安明街碩門邨1號舖 Shop No. 1, Free Standing Block, Shek Mun Est, Sha Tin, N.T, Sha Tin",ChIJGbsu_kMGBDQRxezChkB9_hs,3.1,92,"['supermarket', 'grocery_or_supermarket', 'store', 'food', 'point_of_interest', 'establishment']",22.3870556,114.2087492
Fusion Click & Collect (大埔超級城),"新界大埔大埔超級城Zone D, 612-669號舖 Shop Nos. 612-669, Level 1, Zone D, Tai Po Mega Mall",ChIJ2zaq2H0JBDQROT6Yk7z3j_M,3.6,175,"['supermarket', 'grocery_or_supermarket', 'store', 'food', 'point_of_interest', 'establishment']",22.452347,114.1718038
PNS網購 PNS eShop,"Watson House, 1-5 Wo Liu Hang Rd, Fo Tan",ChIJvQWa7xgHBDQRl5cJW5cgaQI,1.0,3,"['supermarket', 'shopping_mall', 'grocery_or_supermarket', 'store', 'food', 'point_of_interest', 'establishment']",22.3977262,114.1970626
Kai Bo Food Supermarket,"Tai Po, Tai Wing Ln, 21-23號康樂大廈A及B舖 Shop A & B, G/F, Hong Lok Building, 21-23 Tai Wing Lane, Tai Po",ChIJlc8bN4cJBDQRT7RbALTtHBE,3.1,41,"['supermarket', 'grocery_or_supermarket', 'store', 'food', 'point_of_interest', 'establishment']",22.4474994,114.1668336
Wellcome,"Tai Po, Plover Cove Rd, 28號廣福商場R2號舖",ChIJYdEqf1QJBDQRG-7Bvda6dZ0,3.5,57,"['supermarket', 'grocery_or_supermarket', 'store', 'food', 'point_of_interest', 'establishment']",22.4486809,114.1741704
He Yan Supermarket,"Ma On Shan, On Chun St, 1號馬鞍山中心A87",ChIJw-mOYbEIBDQRBdWciv20qUs,0.0,0,"['supermarket', 'grocery_or_supermarket', 'store', 'food', 'point_of_interest', 'establishment']",22.425574,114.232982
YATA Supermarket Tai Po,"Tai Po, On Pong Rd, 8號超級城B區2樓",ChIJGZkTTYcJBDQRswKGzImArdE,4.0,152,"['supermarket', 'grocery_or_supermarket', 'store', 'food', 'point_of_interest', 'establishment']",22.451726,114.1693472
Guang Feng Supermarket,"Tai Po, Fu Shin St, 72-74號, Fu Shin Building, D舖",ChIJtQogv1QJBDQRLFwpgl4LFcI,5.0,1,"['supermarket', 'grocery_or_supermarket', 'store', 'food', 'point_of_interest', 'establishment']",22.4494447,114.1646907
Fusion Click & Collect (香港科學園),"新界沙田白石角香港科學園第三期12W大樓地下S071, S076, S077號舖 Unit S071, S076 & S077, G/F, Building 12W, Hong Kong Science Park Phase 3, 12 Science Park W Ave, Science Park",ChIJ6xR2B5cIBDQRLcqJOm7iVq0,3.7,154,"['supermarket', 'grocery_or_supermarket', 'store', 'food', 'point_of_interest', 'establishment']",22.4273451,114.2095254
Fusion Click & Collect (大埔康樂園),"新界大埔康樂園商場C座地下 Block C1, G/F, Hong Lok Yuen Commercial Centre, Tai Po",ChIJVVUlv0AIBDQRVUlZ_ZxG0qw,4.0,1,"['supermarket', 'grocery_or_supermarket', 'store', 'food', 'point_of_interest', 'establishment']",22.4619704,114.152142
Kai Bo Food Supermarket,"Tai Po, Hiu Wan Rd, 10號HK 新界 大埔 曉運路10號運頭塘邨運頭塘商場13B舖 Shop 13B, G/F, Wan Tau Tong Shopping Centre, Wan Tau Tong Estate",ChIJn2j-o8QJBDQR0U2H5P6zh0w,4.2,6,"['supermarket', 'grocery_or_supermarket', 'store', 'food', 'point_of_interest', 'establishment']",22.4421115,114.1672111
大昌食品市場 (富善邨),"Tai Po, On Po Rd, 12號地下G001B號舖 Fu Shin Shopping Centre, Fu Shin Estate",ChIJeSNH0isJBDQRfs3w7O7zCqc,2.5,2,"['supermarket', 'grocery_or_supermarket', 'store', 'food', 'point_of_interest', 'establishment']",22.4538932,114.1745201
Wellcome,"Portion Basement, Richwood Park Shop, Arcade, 33 Lo Fai Rd",ChIJHVGvlwEJBDQRXd0uB6ZVgmo,3.7,63,"['supermarket', 'grocery_or_supermarket', 'store', 'food', 'point_of_interest', 'establishment']",22.464169,114.1956942
PARKnSHOP Click & Collect (馬鞍山利安邨),"新界馬鞍山利安邨利安商場地下107號舖 Shop LG107, LG/F, Lee On Shopping Centre, Lee On Estate, Ma On Shan",ChIJN7Q_fUsPBDQR-qx8Bq8-EN0,3.1,47,"['supermarket', 'grocery_or_supermarket', 'food', 'point_of_interest', 'store', 'establishment']",22.4264803,114.241062
沙田婦女會家家好,"Ma On Shan, Hang Hong St, 2號, Yiu On Estate Yiu Wo House, 地下27-32號",ChIJX85qVK4IBDQRnXX0rs1jj-Y,3.3,35,"['supermarket', 'grocery_or_supermarket', 'food', 'point_of_interest', 'store', 'establishment']",22.4195021,114.230464
Kai Bo Food Supermarket,"Sha Tin, On Kwan St, 3號埸1期地下G15-G17號舖 Shop G15-G17, G/F, Kings Wing Plaza 1, 3 On Kwan Street, Sha Tin京瑞廣",ChIJjXPD0f8HBDQRXFFzdOGNCk8,2.7,3,"['supermarket', 'grocery_or_supermarket', 'food', 'point_of_interest', 'store', 'establishment']",22.3882046,114.208307
Market Place by Jasons,"Shop 9-10, Eightland Gardens Block 1, 2 On Chee Rd, Tai Po",ChIJr_GYjEcIBDQRolwDTKLtWUk,3.8,195,"['supermarket', 'grocery_or_supermarket', 'food', 'point_of_interest', 'store', 'establishment']",22.4526552,114.1664897
PARKnSHOP Click & Collect (沙田愉翠苑),"新界沙田愉翠苑愉翠商場1樓104號舖 Shop 104, 1/F, Yu Chui Shopping Centre, Yu Chui Court, Sha Tin",ChIJdwksMUUGBDQR3jXPigegomA,3.7,138,"['supermarket', 'grocery_or_supermarket', 'food', 'point_of_interest', 'store', 'establishment']",22.3821747,114.2052506
PARKnSHOP Click & Collect (沙田廣源邨),"香港沙田新界沙田廣源邨廣源商場第二座5B號舖 Shop 5B, G/F, Block 2, Kwong Yuen Shopping Centre, Kwong Yuen Estate",ChIJyyaao0IGBDQR-yWijP6DFdE,3.2,52,"['supermarket', 'grocery_or_supermarket', 'food', 'point_of_interest', 'store', 'establishment']",22.3808307,114.2148971
DS Groceries,"Tai Po, 廣褔道84號地下 Kwong Yam Building",ChIJVVVSUD8IBDQR8moBIyEQyRc,4.0,29,"['supermarket', 'grocery_or_supermarket', 'food', 'point_of_interest', 'store', 'establishment']",22.4482817,114.1670718
本灣水產 - 耀安,"Ma On Shan, Hang Hong St, 2號地下G103B號舖 Yiu On Shopping Centre",ChIJGcZdKCYJBDQR_rXIZ_HQeH0,3.4,11,"['supermarket', 'grocery_or_supermarket', 'food', 'point_of_interest', 'store', 'establishment']",22.4204585,114.2304154
業務スーパー 大埔店,Tai Po,ChIJ6Y37OTkJBDQRp6ybraEOJKw,4.0,2,"['supermarket', 'grocery_or_supermarket', 'food', 'point_of_interest', 'store', 'establishment']",22.448341,114.1678831
Market Place By Jasons,"Ma On Shan, Shop a,b,c and3E-10 &3E-11Level 3Sunshine City Plaza",ChIJiTb3nbEIBDQR43hZVjZydhU,3.7,97,"['supermarket', 'grocery_or_supermarket', 'food', 'point_of_interest', 'store', 'establishment']",22.4246264,114.2320699
TASTE Click & Collect (馬鞍山廣場),"新界馬鞍山西沙路馬鞍山廣場3樓343-363號鋪 Shop 343-363, 3/F, Ma On Shan Plaza, Sai Sha Rd, Ma On Shan",ChIJYcj_DLEIBDQRP-RedstDERs,3.8,394,"['supermarket', 'grocery_or_supermarket', 'food', 'point_of_interest', 'store', 'establishment']",22.4256436,114.2317971
Wellcome,"Shop No. P04, P1/F, Shek Mun Shopping Centre, Shek Mun Estate (Phase 2, Sha Tin",ChIJ0XUA2bYHBDQRrTYmWgD_H-k,3.6,7,"['supermarket', 'grocery_or_supermarket', 'food', 'point_of_interest', 'store', 'establishment']",22.386725,114.2088061
PARKnSHOP Click & Collect (粉嶺華心邨),"Wah Sum Estate, 新界粉嶺一鳴路18號華心邨華心商場地下R32及R33號商舖 Shop R32-R33, G/F, Wah Sum Shopping Centre, 18 Yat Ming Rd, Fanling",ChIJXwWOIyf2AzQROGrjGVvZLzw,3.7,99,"['supermarket', 'grocery_or_supermarket', 'food', 'point_of_interest', 'store', 'establishment']",22.4867789,114.1421669
Market Place by Jasons,新界沙田火炭樂景街28號御龍山103號舖,ChIJU51vGDYGBDQR6eeSCxyL9Bk,3.5,27,"['supermarket', 'grocery_or_supermarket', 'food', 'point_of_interest', 'store', 'establishment']",22.3954103,114.1989531
City Western Union,"28 On Shing St, Ma On Shan",ChIJBWvU1rMIBDQRioiOH4PZ7dg,3.0,1,"['supermarket', 'grocery_or_supermarket', 'food', 'point_of_interest', 'store', 'establishment']",22.4248341,114.233465
大昌食品市場（廣福邨）,"Tai Po, 地下15-18 號舖 Kwong Fuk Estate Kwang Yan House",ChIJsVogFUQIBDQRsf4Tdf84Uyk,3.9,22,"['supermarket', 'grocery_or_supermarket', 'food', 'point_of_interest', 'store', 'establishment']",22.4486904,114.174858
Wellcome,"Lake Silver, Sai Sha Rd, 599號, Lake Silver Tower 1, Wu Kai Sha, 烏溪沙Unit 1",ChIJwUeRTEoPBDQRh6yu_jSGvVA,3.6,52,"['supermarket', 'grocery_or_supermarket', 'food', 'point_of_interest', 'store', 'establishment']",22.428589,114.243072
大昌食品專門店,"Ma On Shan, Sai Sha Rd, Ma On Shan Plaza, 3樓",ChIJhRDeEbEIBDQRP-fB3qwV090,2.3,3,"['supermarket', 'grocery_or_supermarket', 'food', 'point_of_interest', 'store', 'establishment']",22.4253861,114.231149
De Bao Supermarket,利安商場地庫1層115,ChIJry8lb0sPBDQRWTCOeP8H3dY,0.0,0,"['supermarket', 'grocery_or_supermarket', 'food', 'point_of_interest', 'store', 'establishment']",22.426853,114.240963
佳宝食品超级市場,"Ma On Shan, HK 新界 馬鞍山 馬鞍山沙安街23號利安邨利安商場G/F 115號 Shop 115, LG/F., Lee On Shopping Centre, Lee On Estate",ChIJQaGRTzcPBDQR8z_vaE7SnqU,3.4,5,"['supermarket', 'grocery_or_supermarket', 'food', 'point_of_interest', 'store', 'establishment']",22.4264527,114.2410001
惠康,"99 Mong Kok Rd, Mong Kok",ChIJ-WMijMgABDQR9YpjcuLb6aI,3.7,125,"['supermarket', 'grocery_or_supermarket', 'food', 'store', 'point_of_interest', 'establishment']",22.3209789,114.1711607
PARKnSHOP Click & Collect (旺角金雞廣場),"Golden Era Plaza, 九龍旺角洗衣街39-55號金雞廣場地下及1B地庫 Basement 1B & Portion of G/F, 39-55 Sai Yee St, Mong Kok",ChIJ8bwpQcYABDQRhgdc1udcwIE,3.7,159,"['supermarket', 'grocery_or_supermarket', 'food', 'store', 'point_of_interest', 'establishment']",22.3184078,114.1717292
PARKnSHOP Click & Collect (旺角富運商業中心),"Full Win Commercial Centre, 九龍旺角彌敦道573號富運商業中心地庫 Basement, 573 Nathan Rd, Kowloon",ChIJGVc5LscABDQRwVqTdnd00fY,3.5,86,"['supermarket', 'grocery_or_supermarket', 'food', 'store', 'point_of_interest', 'establishment']",22.3147882,114.1700475
PARKnSHOP (太子道),"地下及地庫, Man Sang Commercial Building, 352號 Prince Edward Rd W, Kowloon City",ChIJAZ-0wNQABDQRu1uRXaDE4GU,3.6,268,"['supermarket', 'grocery_or_supermarket', 'food', 'store', 'point_of_interest', 'establishment']",22.3275306,114.187176
PARKnSHOP Click & Collect (九龍城晴朗商場),"九龍城晴朗商場1樓B101號商鋪 Shop B101, 1/F, Ching Long Shopping Centre, Muk Chui St, Kowloon City",ChIJ9_NqGdwHBDQRKR5-em3Hjgk,3.6,140,"['supermarket', 'grocery_or_supermarket', 'food', 'store', 'point_of_interest', 'establishment']",22.3316457,114.2026609
PARKnSHOP Click & Collect (土瓜灣偉恆昌新邨),"地下 G/F, Hang Chien Court - Wyler Gardens Block E, 九龍土瓜灣美景街108號偉恒昌新村恒景閣, 108 Mei King St, To Kwa Wan",ChIJB-5bw2xG_xMRkNdbPmRlD6Q,3.6,177,"['supermarket', 'grocery_or_supermarket', 'food', 'store', 'point_of_interest', 'establishment']",22.3179414,114.1921076
PARKnSHOP Click & Collect (沙田新翠邨),"Sun Chui Estate, 沙田翠田街2號新翠邨街市地下L001號舖 Shop L001, G/F, Market, 2 Chui Tin St, Sha Tin",ChIJyUzVEfEHBDQRLZq9END4De4,3.5,288,"['supermarket', 'grocery_or_supermarket', 'food', 'store', 'point_of_interest', 'establishment']",22.3695825,114.1809391
PARKnSHOP,"Unit 401, Dragon Centre, 37K Yen Chow St, Sham Shui Po",ChIJFyqSmSkBBDQRksYhV94Dclg,3.7,176,"['supermarket', 'grocery_or_supermarket', 'food', 'store', 'point_of_interest', 'establishment']",22.3310175,114.1598202
PARKnSHOP (九龍灣展貿中心),"Star Hall, 九龍九龍灣展貿徑1號九龍灣展貿中心2樓230,232A,237及239號 Shop Nos. 30, 32A, 37 & 39, 2/F, Kowloonbay International Trade & Exhibition Centre, 1 Trademart Dr, Kowloon Bay",ChIJb7d9mzIBBDQRt9FQejGA098,1.7,3,"['supermarket', 'grocery_or_supermarket', 'food', 'store', 'point_of_interest', 'establishment']",22.3236348,114.2032914
PARKnSHOP Click & Collect (土瓜灣馬頭涌),"地下 G/F, Fok On Building, 九龍土瓜灣馬頭涌道90-98號, 90-98D Ma Tau Chung Rd, To Kwa Wan",ChIJ0X1bytUABDQRXyNyOM_SxwQ,3.6,58,"['supermarket', 'grocery_or_supermarket', 'food', 'store', 'point_of_interest', 'establishment']",22.3238085,114.1886621
Welcome Supermarket,"Golden Centre, 94 Yen Chow St, Un Chau",ChIJjc10VbMABDQRG3wFxeHFhCw,3.8,89,"['supermarket', 'grocery_or_supermarket', 'food', 'store', 'point_of_interest', 'establishment']",22.332432,114.161867
PARKnSHOP Click & Collect (牛頭角彩盈坊),"Shop No. 2 Choi Ying Place Choi Ying Estate, Ngau Tau Kok",ChIJ2ciPccoGBDQRFbLkBqMRD1I,3.5,110,"['supermarket', 'grocery_or_supermarket', 'food', 'store', 'point_of_interest', 'establishment']",22.3278315,114.2144554
Wellcome,"Yau Yat Lau, 11-11C Fa Po St, Yau Yat Chuen",ChIJ-21OOTMHBDQRr557eeWzPdc,3.9,195,"['supermarket', 'grocery_or_supermarket', 'store', 'food', 'point_of_interest', 'establishment']",22.3314516,114.1756327
PARKnSHOP Click & Collect (牛頭角樂華邨),"九龍牛頭角樂華北邨樂華商場316號舖 Shop No 316, 3/F, Lok Wah Shopping Ctr, Lok Wah (North) Est, Ngau Tau Kok",ChIJa9I-a0sBBDQR1uOp6N9pu-8,3.5,51,"['supermarket', 'grocery_or_supermarket', 'store', 'food', 'point_of_interest', 'establishment']",22.3218979,114.219841
Wellcome Superstore,"Tsui Wan Mansion, Shop 1-3 G/F, Tsui Wan Building, 155-163 Un Chau St",ChIJVfS7lUwHBDQRyX1mnFM98Bg,3.6,162,"['supermarket', 'grocery_or_supermarket', 'store', 'food', 'point_of_interest', 'establishment']",22.3342794,114.1605726
Wellcome,"Tung Chun Commercial Centre, 438 Shanghai St, Mong Kok",ChIJEWRfSMcABDQRBhI2aDWtW3A,3.7,281,"['supermarket', 'grocery_or_supermarket', 'store', 'food', 'point_of_interest', 'establishment']",22.3152532,114.1690248
PARKnSHOP Click & Collect (藍田德田邨),"號舖 Shop No, Shopping Centre, Tak Tin Estate Block 1 Tak King House, 九龍藍田德田商場, 107 Tak Tin St, Lam Tin",ChIJ_9iv6nQBBDQRcsTCspHolBA,3.7,48,"['supermarket', 'grocery_or_supermarket', 'store', 'food', 'point_of_interest', 'establishment']",22.3108448,114.23809
PARKnSHOP Click & Collect (大角咀新九龍廣場),"Tai Kok Tsui, 新九龍廣場1樓105-126室 Shop No. 105-126, 1/F, New Kowloon Plaza, Tai Kok Tsui, Kowloon",ChIJLVJt87kABDQRC1VMTQh0i1U,3.5,169,"['supermarket', 'grocery_or_supermarket', 'store', 'food', 'point_of_interest', 'establishment']",22.3196443,114.1627604
PARKnSHOP Click & Collect (九龍灣麗晶花園),"九龍九龍灣宏光道80號麗晶商場2樓218號鋪 Shop 218, 2/F, Richland Gardens Shopping Centre, 80 Wang Kwong Rd, Kowloon Bay",ChIJb45lsc0GBDQRHrZpc1IaQT8,3.7,187,"['supermarket', 'grocery_or_supermarket', 'store', 'food', 'point_of_interest', 'establishment']",22.3296691,114.2058861
PARKnSHOP (長沙灣順寧道),"G/F, Sunlight Bldg, No, 273 Shun Ning Rd, Cheung Sha Wan",ChIJCb1iyk0HBDQRSh8jG1lV4nY,3.1,154,"['supermarket', 'grocery_or_supermarket', 'store', 'food', 'point_of_interest', 'establishment']",22.3372682,114.1584691
Pak Tat Supermarket,"25 Mei King St, To Kwa Wan",ChIJLdj3HNgABDQRNBAyod6jGy0,4.3,7,"['supermarket', 'grocery_or_supermarket', 'store', 'food', 'point_of_interest', 'establishment']",22.3165018,114.1905454
PARKnSHOP (旺角塘尾道),"九龍旺角塘尾道22號長輝大廈地下A-C號舖 Shops A-C, G/F, Cheong Fai Mansion, 22 Tong Mi Rd, Mong Kok",ChIJA_5VFbgABDQRgSU5xhi1OcA,3.5,97,"['supermarket', 'grocery_or_supermarket', 'store', 'food', 'point_of_interest', 'establishment']",22.3193324,114.1661832
PARKnSHOP Click & Collect (觀塘順利邨),"九龍觀塘利安道15號順利商場F3及F4樓R02號舖 Shop R02, F3 & F4 Floor, Shopping Centre I, Shun Lee Estate, Kwun Tong",ChIJC6THMbAGBDQRfNhRgGogM2w,3.7,169,"['supermarket', 'grocery_or_supermarket', 'store', 'food', 'point_of_interest', 'establishment']",22.3316395,114.2252897
Wellcome,"香港島 Ko Shan Rd, 109號地下 Lok Man Sun Chuen Site 3 Block H Lok Chee Lau",ChIJxWScl9kABDQRzWnuc2whylg,3.6,55,"['supermarket', 'grocery_or_supermarket', 'store', 'food', 'point_of_interest', 'establishment']",22.3152787,114.186789
Hui Kang Supermarket,"33 Lai Chi Kok Rd, Mong Kok",ChIJSeDvKMgABDQRs-xhA-9meC8,3.6,5,"['supermarket', 'grocery_or_supermarket', 'store', 'food', 'point_of_interest', 'establishment']",22.3226187,114.1679437
Wellcome Supermarket,"324號 Lai Chi Kok Rd, Sham Shui Po",ChIJnd4Ok7MABDQRhroG_FUlMVQ,3.4,43,"['supermarket', 'grocery_or_supermarket', 'store', 'food', 'point_of_interest', 'establishment']",22.3286594,114.1607825
PARKnSHOP Click & Collect (深水埗海祥大廈),"九龍深水埗大埔道72-74號海祥大廈地下B室 Shop B on G/F, Hoi Cheung Building, Nos. 72-74, Tai Po Rd, Sham Shui Po",ChIJoUrkd7UABDQRxQMOIimR0oQ,3.4,146,"['supermarket', 'grocery_or_supermarket', 'store', 'food', 'point_of_interest', 'establishment']",22.3289814,114.1669263
PARKnSHOP (旺角富榮花園),"九龍旺角海庭道8號富榮花園第2期地下66B號舖 Shop No. 66B, G/F, Site 2 of Charming Garden, 8 Hoi Ting Rd, Mong Kok",ChIJYV0oIb8ABDQRxIgvn8M8EkA,3.5,67,"['supermarket', 'grocery_or_supermarket', 'food', 'point_of_interest', 'store', 'establishment']",22.314378,114.1649757
Wellcome,"Standard Chartered Bank Building - San Po Kong, Shop A-D, G/F, The Chartered Bank Building, No, Ning Yuen St",ChIJr9bsktYGBDQRVPAqyuN0QqI,3.7,47,"['supermarket', 'grocery_or_supermarket', 'food', 'point_of_interest', 'store', 'establishment']",22.3341059,114.195305
Wellcome,"Jade Mansion, 40 Waterloo Rd, Yau Ma Tei",ChIJgY04H8EABDQR3h5KFWbhB9I,3.7,190,"['supermarket', 'grocery_or_supermarket', 'food', 'point_of_interest', 'store', 'establishment']",22.3127853,114.1710185
Kai Bo Food Supermarket,"78號 Shui Wo St, Kwun Tong",ChIJ05EkQr0BBDQR_Du4nQsACJE,3.9,14,"['supermarket', 'grocery_or_supermarket', 'food', 'point_of_interest', 'store', 'establishment']",22.3157741,114.2256434
Wellcome,"Lei Yue Mun Plaza Shop 123-124, Level, 1, Yau Tong",ChIJG1qlp94GBDQRW7XSZwlK08E,3.4,117,"['supermarket', 'grocery_or_supermarket', 'food', 'point_of_interest', 'store', 'establishment']",22.2960286,114.2395595
PARKnSHOP Click & Collect (油塘油麗邨),"九龍油塘油塘道9號油麗商場地下1號舖 Shop No. 1, G/F, Yau Lai Shopping Centre, Yau Tong Rd, Yau Tong",ChIJu1qY2V8BBDQRYlJPhL2pieQ,3.4,60,"['supermarket', 'grocery_or_supermarket', 'food', 'point_of_interest', 'store', 'establishment']",22.2985562,114.237053
Wellcome,"Sim City Of Chung Kiu Comm, 47, 51 Shantung St, Mong Kok",ChIJ2ZOxr8cABDQRp8QKPfEuEBg,3.7,97,"['supermarket', 'grocery_or_supermarket', 'food', 'point_of_interest', 'store', 'establishment']",22.3176834,114.1701697
PARKnSHOP Click & Collect (油麻地金華大廈),"Kam Wah Building, 九龍油麻地廣東道831號金華大廈F及G座地下 G/F, Block F&G, No. 831 Canton Rd, Yau Ma Tei",ChIJsz60mcAABDQR06-HWCww-pM,3.6,173,"['supermarket', 'grocery_or_supermarket', 'food', 'point_of_interest', 'store', 'establishment']",22.3131317,114.1681803
PARKnSHOP Click & Collect (深水埗青山道),"九龍深水埗元州街280-288號東蘭閣A座A,B,D號舖 Shops A,B&D, G/F, Eastland Towers 183-191 Castle Peak Road, 167B-E Pratas Street & 280-288, Un Chau St, Sham Shui Po",ChIJq6o6-EwHBDQRpkNzh6SN4F0,3.5,113,"['supermarket', 'grocery_or_supermarket', 'food', 'point_of_interest', 'store', 'establishment']",22.3356503,114.1597466
PARKnSHOP (新蒲崗衍慶街),"九龍新蒲崗衍慶街21-29號富源樓地下 Portion of G/F, Foo Yuen Building, Nos 21, 23, 27 and 29, Yin Hing St, San Po Kong",ChIJPX58TXAHBDQRk1te5KlpVbE,3.5,195,"['supermarket', 'grocery_or_supermarket', 'food', 'point_of_interest', 'store', 'establishment']",22.3354196,114.1948982
惠康,"地下A舖, Tung Nam Factory Building, 40號 Ma Tau Kok Rd, Ma Tau Chung",ChIJgUeuc9YABDQRwdaX8NRuRJc,3.9,29,"['supermarket', 'grocery_or_supermarket', 'food', 'point_of_interest', 'store', 'establishment']",22.3220848,114.1899161
Kai Bo Food Supermarket,"56 Nga Tsin Long Rd, Kowloon City",ChIJU5O-6CoHBDQRkOY8DKp5Df4,3.4,126,"['supermarket', 'grocery_or_supermarket', 'food', 'point_of_interest', 'store', 'establishment']",22.329952,114.1894632
Wellcome,"Shop 14-22, G/F., Cheong Yat Hse. Nam Cheong Est., Sham Shui Po, Kln",ChIJmcAAxLEABDQR8cFuwLMIdGw,3.8,17,"['supermarket', 'grocery_or_supermarket', 'food', 'point_of_interest', 'store', 'establishment']",22.3259711,114.1572588
PARKnSHOP Click & Collect (觀塘瑞和街),"九龍觀塘瑞和街42號地下及閣樓 G/F and M/F, 42 Shui Wo St, Kwun Tong",ChIJOwfZkZ4BBDQR0uQRDjrvQnA,3.5,121,"['supermarket', 'grocery_or_supermarket', 'food', 'point_of_interest', 'store', 'establishment']",22.3154508,114.2248928
Wellcome Supermarket,"Rondall Building, 香港塘尾, 168-178號 Tai Po Rd, Tai Kok Tsui",ChIJ2184JbUABDQR88rSBoKEp5s,3.9,32,"['supermarket', 'grocery_or_supermarket', 'food', 'point_of_interest', 'store', 'establishment']",22.3312467,114.1653316
PARKnSHOP Click & Collect (沙田新田圍邨),"新界沙田新田圍邨新田圍商場4樓25號舖 Shop 25, 4/F, Sun Tin Wai Shopping Centre, Sun Tin Wai Estate",ChIJIV5IBxMHBDQR7Qys0i1Ta38,3.4,14,"['supermarket', 'grocery_or_supermarket', 'food', 'point_of_interest', 'store', 'establishment']",22.3698257,114.1862935
PARKnSHOP Click & Collect (黃大仙竹園廣場),"2/F, 九龍黃大仙竹園道15號竹園廣場2樓S229號舖 Shop No S229, 2/F, Chuk Yuen Plaza, 15 Chuk Yuen Rd, Chuk Un",ChIJsbTkMN8GBDQRCqsHaw3uKmQ,3.7,48,"['supermarket', 'grocery_or_supermarket', 'food', 'point_of_interest', 'store', 'establishment']",22.3446731,114.1935424
Park'n Shop,"Prince Edward Rd W, No 171號Shop On 1/F Plus Entrance On G/F Bijou Court",ChIJR9fruMkABDQRLPcdIc59i5g,3.6,257,"['supermarket', 'grocery_or_supermarket', 'food', 'point_of_interest', 'store', 'establishment']",22.3240076,114.1692979
Wellcome Superstore,"Liberte Block 8, Lai Chi Kok Rd, Cheung Sha Wan",ChIJB5YJu1QHBDQR6-SMc1zlKwg,3.6,266,"['supermarket', 'grocery_or_supermarket', 'food', 'point_of_interest', 'store', 'establishment']",22.3349342,114.1484909
Wellcome Superstore,"69 Broadway, Mei Foo Sun Chuen",ChIJT_ciK6v4AzQRs67ZP901Mik,3.8,147,"['supermarket', 'grocery_or_supermarket', 'food', 'point_of_interest', 'store', 'establishment']",22.335935,114.1407408
PARKnSHOP (深水埗茘枝角道),"地下2號舖, Wen Pang Building, 288號 Lai Chi Kok Rd, Sham Shui Po",ChIJxbnufXgBBDQR-lfn9o1JbBE,3.4,83,"['supermarket', 'grocery_or_supermarket', 'food', 'point_of_interest', 'store', 'establishment']",22.3280187,114.1614753
PARKnSHOP,"Cheung Sha Wan, Hang Cheung St, 8號107號舖 Shop No. 107, Level 1, Fortune Shopping Ctr, 8 Hang Tsueng St, Cheung Sha Wan幸福商場1樓",ChIJ6T-q6lIHBDQRXP_MrMNfSj4,3.0,28,"['supermarket', 'grocery_or_supermarket', 'food', 'point_of_interest', 'store', 'establishment']",22.3353334,114.1542931
PARKnSHOP Click & Collect (茘枝角海麗邨),"Hoi Lai Shopping Centre, 九龍荔枝角海麗邨海麗商場一樓106號舖 Shop 106, 1/F, Lai Chi Kok",ChIJ7bEsHhsBBDQRRaP1RSNXSXM,3.3,113,"['supermarket', 'grocery_or_supermarket', 'food', 'point_of_interest', 'store', 'establishment']",22.3314963,114.1479298
Wellcome,"57-61, & Lo Tak Ct, Tsuen Wan",ChIJ0c5i9e34AzQRdleFiqaR2Rg,3.6,678,"['supermarket', 'grocery_or_supermarket', 'food', 'point_of_interest', 'store', 'establishment']",22.373283,114.1155821
PARKnSHOP (荃灣象山邨),"新界葵涌象山邨象山商場313-317號, Kwai Chung",ChIJs14W7Yj4AzQRRkl_6_NiFkk,3.6,31,"['supermarket', 'grocery_or_supermarket', 'food', 'point_of_interest', 'store', 'establishment']",22.3785569,114.130416
Wellcome,"G/F, No, 26-30 Wo Yi Hop Rd, Kwai Chung",ChIJ-5B442j5AzQR1WY8EluYXEI,3.5,24,"['supermarket', 'grocery_or_supermarket', 'food', 'point_of_interest', 'store', 'establishment']",22.3658877,114.1369642
瀛木超級市場 INMU Shop (荃灣店),"Tsuen Wan, 千色匯I 地下G010號舖",ChIJ602_f0j5AzQRtmlS7Gn9o8U,3.3,12,"['supermarket', 'grocery_or_supermarket', 'food', 'point_of_interest', 'store', 'establishment']",22.3701801,114.117526
Shun Xinglong Supermarket,Mong Kok,ChIJ--MIELgABDQRcXLhAQjo05k,5.0,1,"['supermarket', 'grocery_or_supermarket', 'food', 'point_of_interest', 'store', 'establishment']",22.3198555,114.1669228
PARKnSHOP Click & Collect (荃灣石圍角邨商場),"新界荃灣石圍角邨商場326-329號鋪 Shop No. 326-329, Shek Wai Kok Estate Commercial Centre, Tsuen Wan",ChIJg7P8Toz4AzQRTl5LI0dQpD0,3.1,36,"['supermarket', 'grocery_or_supermarket', 'food', 'point_of_interest', 'store', 'establishment']",22.3753353,114.1241818
PARKnSHOP Click & Collect (葵芳好爵中心),"新界葵芳葵益路2-10號好爵中心地下16-37舖 Shop 16-37, G/F, Ho Chuck Centre, 2, 10 Kwai Yi Rd, Kwai Fong",ChIJtxqLUrz4AzQR_f8AgGm4QlM,3.6,397,"['supermarket', 'grocery_or_supermarket', 'food', 'point_of_interest', 'store', 'establishment']",22.3571392,114.1284532
PARKnSHOP Click & Collect (葵涌祖堯邨),"Cho Yiu Chuen, 新界葵涌祖堯邨敬祖路6號D座地下3-8號舖 Shop 3-8, G/F, Block D, 6 King Cho Rd, Kwai Chung",ChIJ9VdIG7H4AzQRNrik2alcRNk,3.1,59,"['supermarket', 'grocery_or_supermarket', 'food', 'point_of_interest', 'store', 'establishment']",22.3457481,114.1284405
PARKnSHOP Click & Collect (葵涌恒景商場),"新界葵涌榮芳路9號恒景商場1樓103-106號鋪 Shop 103-106, 1/F, Hang King Shopping Arcade, Hang King Garden, 9 Wing Fong Rd, Kwai Chung",ChIJc_xPSMD5AzQR3o9QMzoNbPw,3.5,76,"['supermarket', 'grocery_or_supermarket', 'food', 'point_of_interest', 'store', 'establishment']",22.3604769,114.1278523
PARKnSHOP (葵涌麗瑤邨),"新界葵涌麗瑤邨麗瑤商場1-5號舖 Shop Nos 1-5, Lai Yiu Commercial Complex, Lai Yiu Estate, Kwai Chung",ChIJtRFEHEr5AzQRkR_4a5YExzA,3.4,33,"['supermarket', 'grocery_or_supermarket', 'food', 'point_of_interest', 'store', 'establishment']",22.3537359,114.1314587
Wellcome,"G/F, Hung Shuk Chun Building, Fuk Wing St, Sham Shui Po",ChIJbUFrKFIHBDQRU1pMUXGNEyw,3.5,138,"['supermarket', 'grocery_or_supermarket', 'store', 'food', 'point_of_interest', 'establishment']",22.3392347,114.1535275
Wellcome,"Portion of Shop Nos. 19 & 20A, 1/F, Indihome, 138 Yeung UK Rd, Tsuen Wan, NT",ChIJIT0bbOv4AzQRzntqvS135D4,3.3,23,"['supermarket', 'grocery_or_supermarket', 'store', 'food', 'point_of_interest', 'establishment']",22.366233,114.118244
Wellcome,"166-174 Hing Fong Rd, Kwai Chung",ChIJZ4reepf4AzQREE8-QS5mrT0,3.6,75,"['supermarket', 'grocery_or_supermarket', 'store', 'food', 'point_of_interest', 'establishment']",22.3628959,114.1315921
Luen Cheong Supermarket,"35號 Ho Pui St, Tsuen Wan",ChIJLa2fI-z4AzQR2JoSnZyT5vU,1.9,7,"['supermarket', 'grocery_or_supermarket', 'store', 'food', 'point_of_interest', 'establishment']",22.3693406,114.1145621
Wellcome,"Shop No.8, Car Park Level, Garden, 123 Yi Hong St, Riviera Gardens",ChIJt9ndAer4AzQRB_CXCMtHBwk,3.5,75,"['supermarket', 'grocery_or_supermarket', 'store', 'food', 'point_of_interest', 'establishment']",22.3615359,114.1123747
Kai Bo Food Supermarket,"Tsuen Wan, Chuen Lung St, 38 - 44 號地下 B, C及D舖 Shop B, C & D, G/F, Tin Wah Bldg., 38 - 44 Chuen Lung St, Tsuen Wan Tin Wah House",ChIJVR2Zuu34AzQRAAoeRCuPqEE,3.4,165,"['supermarket', 'grocery_or_supermarket', 'store', 'food', 'point_of_interest', 'establishment']",22.3711897,114.1163649
PARKnSHOP Click & Collect (大圍顯徑邨),"Hin Keng Shopping Centre, 沙田大圍車公廟道69號顯徑商場地下101-103號舖 Shop 101-103, G/F, 69 Che Kung Miu Rd",ChIJg34_bxIHBDQRPXjUbrVtpYw,3.5,226,"['supermarket', 'grocery_or_supermarket', 'store', 'food', 'point_of_interest', 'establishment']",22.3633638,114.1715984
Kai Bo Food Supermarket,"Tai Kok Tsui, Tai Kok Tsui Rd, 71號71 Tai Kok Tsui Road, Tai Kok Tsui地下G/F",ChIJDZU09rkABDQRSZawVs59Ez0,3.6,39,"['supermarket', 'grocery_or_supermarket', 'store', 'food', 'point_of_interest', 'establishment']",22.3204848,114.1618562
PARKnSHOP Click & Collect (荃灣海灣花園),"Waterside Plaza, 新界荃灣永順街38號海灣花園商場地下G01-06號鋪 Shop Nos. G01-06, G/F, 38 Wing Shun St, Tsuen Wan",ChIJ-bRQyIv5AzQRP8gj5Nhv5gg,3.8,74,"['supermarket', 'grocery_or_supermarket', 'store', 'food', 'point_of_interest', 'establishment']",22.3643457,114.113785
wellcome,"125, Metro Harbour View Plaza, 8 Fuk Lee St, Tai Kok Tsui",ChIJfzdi4rAABDQRYsiJViBAKIs,3.7,259,"['supermarket', 'grocery_or_supermarket', 'store', 'food', 'point_of_interest', 'establishment']",22.3244101,114.1604543
Wellcome,Shop No. 8-13 Centre Shopping Arcade II,ChIJG5oFc_r4AzQRIlDOXLUJHQM,3.4,42,"['supermarket', 'grocery_or_supermarket', 'store', 'food', 'point_of_interest', 'establishment']",22.3791409,114.1075428
PARKnSHOP Click & Collect (深水埗蘇屋邨),"九龍深水埗蘇屋邨蘇屋商場1樓117號舖 Shop 117, 1/F, So Uk Shopping Centre, So Uk Estate, So Uk",ChIJqbMrTGIHBDQRHGRwB8B5FS4,3.7,129,"['supermarket', 'grocery_or_supermarket', 'store', 'food', 'point_of_interest', 'establishment']",22.3399047,114.1572189
PARKnSHOP (青衣藍澄灣),"青衣青衣路1號藍澄灣商場L1, 3號鋪 Shop 3, Level 1, Podium of Rambler Crest, Tsing Yi",ChIJtUiEqc34AzQR9w6vWVJSPMU,3.8,42,"['supermarket', 'grocery_or_supermarket', 'store', 'food', 'point_of_interest', 'establishment']",22.3438355,114.110789
Ka Hing Supermarket,"85 Shek Yam Rd, Shek Yam",ChIJk1tnuOn5AzQRvq5-H3zWhTs,3.8,95,"['supermarket', 'grocery_or_supermarket', 'store', 'food', 'point_of_interest', 'establishment']",22.3697015,114.1393558
PARKnSHOP Click & Collect (葵涌石籬邨),"Shek Lei (I) Estate, 新界葵涌石籬(第一)邨石籬商埸1樓107號舖 Shop 107, 1/F, Shek Lei Shopping Centre, Kwai Chung",ChIJhVMlBpz4AzQRGwNH03kUumY,3.5,82,"['supermarket', 'grocery_or_supermarket', 'store', 'food', 'point_of_interest', 'establishment']",22.3647177,114.1383969
Wellcome,"Tai Hang Tung Estate Tung Lung House, Shop 4-10, G/F",ChIJwfkC2jQHBDQRuGoPng9c9q0,3.4,92,"['supermarket', 'grocery_or_supermarket', 'store', 'food', 'point_of_interest', 'establishment']",22.331574,114.1711688
Hui Jun Supermarket,"295 Tai Nan St, Sham Shui Po",ChIJ8ZbxkbMABDQRzJCSfl9aPUo,0.0,0,"['supermarket', 'grocery_or_supermarket', 'store', 'food', 'point_of_interest', 'establishment']",22.328866,114.1609612
Wellcome,Kwai Fong,ChIJ_45mDr34AzQRk9f_hNTPCCU,3.5,186,"['supermarket', 'grocery_or_supermarket', 'store', 'food', 'point_of_interest', 'establishment']",22.3581237,114.1298162
Kai Bo Food Supermarket,"Mei Foo Sun Chuen, Broadway, 1-12,14-25,27,29號2及11,3及10號舖 Shop 2 & 11, 3 & 10, G/F, 1-12, 14-25, 27, 29 & 31 Broadway Mei Foo Sun Chuen, Mei Foo及31號地下",ChIJw_1_NTP_AzQRkGSGrwTcPqs,3.3,87,"['supermarket', 'grocery_or_supermarket', 'store', 'food', 'point_of_interest', 'establishment']",22.3367539,114.1377394
PARKnSHOP Click & Collect (荃灣麗城花園),"麗城花園三期麗城薈街市M22至M69 Shop M22-M69, G/F, Belvedere Garden Phase, 3, Tsuen Wan",ChIJT2oQ87D5AzQRJWVkE9CKRW8,3.6,181,"['supermarket', 'grocery_or_supermarket', 'store', 'food', 'point_of_interest', 'establishment']",22.3715298,114.1016586
